part	action	source	destination	lines
1	copy	apps/server/src/db/migrations/0001_profiles_and_invites.sql	crates/server/migrations/0001_profiles_and_invites.sql	738
1	copy	apps/server/src/db/migrations/0002_collection.sql	crates/server/migrations/0002_collection.sql	489
1	copy	apps/server/src/db/migrations/0003_loadouts.sql	crates/server/migrations/0003_loadouts.sql	525
1	copy	apps/server/src/db/migrations/0004_matches.sql	crates/server/migrations/0004_matches.sql	932
1	copy	apps/server/src/db/migrations/0005_service_role_reads_auth_users.sql	crates/server/migrations/0005_service_role_reads_auth_users.sql	43
1	copy	apps/server/src/db/migrations/0006_redeem_ip_lock.sql	crates/server/migrations/0006_redeem_ip_lock.sql	201
1	copy	apps/server/src/db/migrations/0007_decks_and_trios.sql	crates/server/migrations/0007_decks_and_trios.sql	625
1	copy	apps/server/src/db/migrations/0008_queue_modes.sql	crates/server/migrations/0008_queue_modes.sql	145
1	copy	apps/server/src/db/migrations/0009_series.sql	crates/server/migrations/0009_series.sql	153
1	copy	apps/server/src/db/migrations/0010_jlockeed_tag.sql	crates/server/migrations/0010_jlockeed_tag.sql	41
1	copy	apps/server/src/db/migrations/0011_tutorial_progress.sql	crates/server/migrations/0011_tutorial_progress.sql	256
1	copy	apps/server/src/db/migrations/0012_account_deletion.sql	crates/server/migrations/0012_account_deletion.sql	219
1	copy	apps/server/src/db/migrations/0013_retention_purge.sql	crates/server/migrations/0013_retention_purge.sql	111
1	copy	apps/server/src/db/migrations/0014_game_records.sql	crates/server/migrations/0014_game_records.sql	113
1	copy	apps/server/src/db/migrations/0015_classic_sets_tags.sql	crates/server/migrations/0015_classic_sets_tags.sql	46
1	copy	apps/server/src/db/migrations/0016_catalog_growth_grants.sql	crates/server/migrations/0016_catalog_growth_grants.sql	73
1	copy	apps/server/src/db/migrations/0017_last_boards.sql	crates/server/migrations/0017_last_boards.sql	77
1	copy	apps/server/src/db/migrations/0018_player_settings.sql	crates/server/migrations/0018_player_settings.sql	230
1	copy	apps/server/src/db/migrations/0019_hero_portraits.sql	crates/server/migrations/0019_hero_portraits.sql	253
1	copy	apps/server/src/db/migrations/0020_plague_tag.sql	crates/server/migrations/0020_plague_tag.sql	38
1	copy	apps/server/src/db/migrations/0021_player_stats.sql	crates/server/migrations/0021_player_stats.sql	33
1	copy	apps/server/src/db/migrations/0022_ranked_ladder.sql	crates/server/migrations/0022_ranked_ladder.sql	472
1	copy	apps/server/src/db/migrations/0023_rematch.sql	crates/server/migrations/0023_rematch.sql	35
1	copy	apps/server/src/db/migrations/0024_glitch_boards.sql	crates/server/migrations/0024_glitch_boards.sql	93
1	copy	apps/server/src/db/migrations/0025_patch_retcon.sql	crates/server/migrations/0025_patch_retcon.sql	88
1	copy	apps/server/src/db/migrations/0026_catalyst_prime_acclaimed_tags.sql	crates/server/migrations/0026_catalyst_prime_acclaimed_tags.sql	39
1	port	packages/ai/src/index.ts	crates/ai/src/lib.rs	24
1	copy	packages/cards/catalog.json	crates/cards/catalog.json	9772
1	copy	packages/cards/flavour.json	crates/cards/flavour.json	956
1	copy	packages/cards/patches/index.json	crates/cards/patches/index.json	1512
1	copy	packages/cards/patches/patches.json	crates/cards/patches/patches.json	6936
1	copy	packages/cards/patches/shipped.json	crates/cards/patches/shipped.json	112
1	copy	packages/cards/patches/v0.1.0.json	crates/cards/patches/v0.1.0.json	2594
1	copy	packages/cards/patches/v0.1.0b.json	crates/cards/patches/v0.1.0b.json	2609
1	copy	packages/cards/patches/v0.1.0c.json	crates/cards/patches/v0.1.0c.json	2630
1	copy	packages/cards/patches/v0.1.0d.json	crates/cards/patches/v0.1.0d.json	2709
1	copy	packages/cards/patches/v0.1.1.json	crates/cards/patches/v0.1.1.json	2733
1	copy	packages/cards/patches/v0.2.0.json	crates/cards/patches/v0.2.0.json	9774
1	copy	packages/cards/patches/v0.2.1.json	crates/cards/patches/v0.2.1.json	9774
1	copy	packages/cards/patches/v0.2.10.json	crates/cards/patches/v0.2.10.json	9750
1	copy	packages/cards/patches/v0.2.10b.json	crates/cards/patches/v0.2.10b.json	9759
1	copy	packages/cards/patches/v0.2.10c.json	crates/cards/patches/v0.2.10c.json	9759
1	copy	packages/cards/patches/v0.2.10d.json	crates/cards/patches/v0.2.10d.json	9761
1	copy	packages/cards/patches/v0.2.11.json	crates/cards/patches/v0.2.11.json	9772
1	copy	packages/cards/patches/v0.2.2.json	crates/cards/patches/v0.2.2.json	9808
1	copy	packages/cards/patches/v0.2.3.json	crates/cards/patches/v0.2.3.json	10024
1	copy	packages/cards/patches/v0.2.4.json	crates/cards/patches/v0.2.4.json	10030
1	copy	packages/cards/patches/v0.2.5.json	crates/cards/patches/v0.2.5.json	9814
1	copy	packages/cards/patches/v0.2.6.json	crates/cards/patches/v0.2.6.json	9814
1	copy	packages/cards/patches/v0.2.7.json	crates/cards/patches/v0.2.7.json	9814
1	copy	packages/cards/patches/v0.2.7b.json	crates/cards/patches/v0.2.7b.json	9814
1	copy	packages/cards/patches/v0.2.8.json	crates/cards/patches/v0.2.8.json	9836
1	copy	packages/cards/patches/v0.2.8b.json	crates/cards/patches/v0.2.8b.json	9836
1	copy	packages/cards/patches/v0.2.9.json	crates/cards/patches/v0.2.9.json	9836
1	port	packages/cards/src/catalog-data.ts	crates/cards/src/lib.rs	44
1	port	packages/cards/src/index.ts	crates/cards/src/lib.rs	103
1	port	packages/engine/src/config.ts	crates/engine/src/config.rs	469
1	port	packages/engine/src/effects/index.ts	crates/engine/src/effects/mod.rs	382
1	port	packages/engine/src/index.ts	crates/engine/src/lib.rs	70
1	port	packages/engine/src/rng.ts	crates/engine/src/rng.rs	86
1	port	packages/engine/src/script.ts	crates/engine/src/script.rs	577
1	port	packages/engine/src/state.ts	crates/engine/src/state.rs	1012
1	port	packages/engine/src/subsystems/index.ts	crates/engine/src/subsystems/mod.rs	43
1	port	packages/shared/src/actions.ts	crates/engine/src/wire/actions.rs	97
1	port	packages/shared/src/catalog-types.ts	crates/engine/src/wire/catalog_types.rs	406
1	port	packages/shared/src/events.ts	crates/engine/src/wire/events.rs	498
1	port	packages/shared/src/index.ts	crates/engine/src/wire/mod.rs	8
1	port	packages/shared/src/view.ts	crates/engine/src/wire/view.rs	439
2	port	packages/engine/src/animated.ts	crates/engine/src/animated.rs	225
2	port	packages/engine/src/announce.ts	crates/engine/src/announce.rs	81
2	port	packages/engine/src/bookSwap.ts	crates/engine/src/book_swap.rs	35
2	port	packages/engine/src/brittle.ts	crates/engine/src/brittle.rs	92
2	port	packages/engine/src/brittleCount.ts	crates/engine/src/brittle_count.rs	98
2	port	packages/engine/src/carriers.ts	crates/engine/src/carriers.rs	73
2	port	packages/engine/src/castOnDrawNow.ts	crates/engine/src/cast_on_draw_now.rs	13
2	port	packages/engine/src/catalog.ts	crates/engine/src/catalog.rs	344
2	port	packages/engine/src/drawComplete.ts	crates/engine/src/draw_complete.rs	42
2	port	packages/engine/src/enchantments.ts	crates/engine/src/enchantments.rs	58
2	port	packages/engine/src/faces.ts	crates/engine/src/faces.rs	31
2	port	packages/engine/src/killCredit.ts	crates/engine/src/kill_credit.rs	23
2	port	packages/engine/src/layers.ts	crates/engine/src/layers.rs	324
2	port	packages/engine/src/marks.ts	crates/engine/src/marks.rs	92
2	port	packages/engine/src/numbers.ts	crates/engine/src/numbers.rs	193
2	port	packages/engine/src/ownLibrary.ts	crates/engine/src/own_library.rs	89
2	port	packages/engine/src/ownership.ts	crates/engine/src/ownership.rs	112
2	port	packages/engine/src/params.ts	crates/engine/src/params.rs	193
2	port	packages/engine/src/plague.ts	crates/engine/src/plague.rs	107
2	port	packages/engine/src/preview.ts	crates/engine/src/preview.rs	100
2	port	packages/engine/src/query.ts	crates/engine/src/query.rs	348
2	port	packages/engine/src/restrictions.ts	crates/engine/src/restrictions.rs	152
2	port	packages/engine/src/scripts.ts	crates/engine/src/scripts.rs	130
2	port	packages/engine/src/stays.ts	crates/engine/src/stays.rs	285
2	port	packages/engine/src/temporary.ts	crates/engine/src/temporary.rs	33
2	port	packages/engine/src/timesPlayed.ts	crates/engine/src/times_played.rs	24
2	port	packages/engine/src/tuning.ts	crates/engine/src/tuning.rs	200
2	port	packages/engine/src/zones.ts	crates/engine/src/zones.rs	874
3	port	packages/engine/src/combat.ts	crates/engine/src/combat.rs	1043
3	port	packages/engine/src/damage.ts	crates/engine/src/damage.rs	427
3	port	packages/engine/src/modifiers.ts	crates/engine/src/modifiers.rs	240
3	port	packages/engine/src/prompts.ts	crates/engine/src/prompts.rs	974
3	port	packages/engine/src/replacements.ts	crates/engine/src/replacements.rs	584
3	port	packages/engine/src/resolve.ts	crates/engine/src/resolve.rs	206
3	port	packages/engine/src/stateCheck.ts	crates/engine/src/state_check.rs	662
3	port	packages/engine/src/targeting.ts	crates/engine/src/targeting.rs	166
3	port	packages/engine/src/targetingPoint.ts	crates/engine/src/targeting_point.rs	172
3	port	packages/engine/src/traps.ts	crates/engine/src/traps.rs	766
3	port	packages/engine/src/triggers.ts	crates/engine/src/triggers.rs	853
3	port	packages/engine/src/work.ts	crates/engine/src/work.rs	593
4	port	packages/engine/src/costRules.ts	crates/engine/src/cost_rules.rs	248
4	port	packages/engine/src/cryTrigger.ts	crates/engine/src/cry_trigger.rs	304
4	port	packages/engine/src/draw.ts	crates/engine/src/draw.rs	632
4	port	packages/engine/src/echo.ts	crates/engine/src/echo.rs	292
4	port	packages/engine/src/graveyardPlay.ts	crates/engine/src/graveyard_play.rs	177
4	port	packages/engine/src/mana.ts	crates/engine/src/mana.rs	223
4	port	packages/engine/src/playChoices.ts	crates/engine/src/play_choices.rs	1413
4	port	packages/engine/src/playCounts.ts	crates/engine/src/play_counts.rs	69
4	port	packages/engine/src/playSteps.ts	crates/engine/src/play_steps.rs	2059
4	port	packages/engine/src/randomCast.ts	crates/engine/src/random_cast.rs	187
5	port	packages/cards/test/_glow.ts	crates/engine/src/testkit/glow.rs	35
5	port	packages/cards/test/_harness.test.ts	crates/engine/src/testkit/scenario.rs	664
5	port	packages/cards/test/_harness.ts	crates/engine/src/testkit/scenario.rs	1149
5	port	packages/cards/test/_invariants.ts	crates/engine/src/testkit/invariants.rs	258
5	port	packages/cards/test/game-summary.test.ts	crates/cards/tests/cross/game_summary.rs	221
5	port	packages/cards/test/invariants.test.ts	crates/cards/tests/cross/invariants.rs	55
5	port	packages/engine/src/condition.ts	crates/engine/src/condition.rs	70
5	port	packages/engine/src/counterWarning.ts	crates/engine/src/counter_warning.rs	50
5	port	packages/engine/src/gameOver.ts	crates/engine/src/game_over.rs	23
5	port	packages/engine/src/gameSummary.ts	crates/engine/src/game_summary.rs	186
5	port	packages/engine/src/instanceView.ts	crates/engine/src/instance_view.rs	62
5	port	packages/engine/src/reduce.ts	crates/engine/src/reduce.rs	567
5	port	packages/engine/src/replay.ts	crates/engine/src/replay.rs	83
5	port	packages/engine/src/setup.ts	crates/engine/src/setup.rs	605
5	port	packages/engine/src/turn.ts	crates/engine/src/turn.rs	842
5	port	packages/engine/src/viewFor.ts	crates/engine/src/view_for.rs	1177
5	port	packages/shared/src/aim.ts	crates/engine/src/wire/aim.rs	90
5	port	packages/shared/src/codes.ts	crates/engine/src/wire/codes.rs	358
5	port	packages/shared/src/emotes.ts	crates/engine/src/wire/emotes.rs	139
5	port	packages/shared/src/stats.ts	crates/engine/src/wire/stats.rs	442
5	port	packages/shared/test/codes.test.ts	crates/engine/src/wire/codes.rs	486
5	port	packages/shared/test/emotes.test.ts	crates/engine/src/wire/emotes.rs	196
5	convert	packages/shared/test/fixtures/code-input-cases.ts	crates/engine/tests/fixtures/code-input-cases.json	461
5	port	packages/shared/test/stats.test.ts	crates/engine/src/wire/stats.rs	284
5	port	packages/validator/src/index.ts	crates/engine/src/validator.rs	526
5	port	packages/validator/test/drafts.test.ts	crates/engine/tests/rules/validator_drafts.rs	284
5	port	packages/validator/test/fixtures/loadouts.ts	crates/engine/tests/rules/fixtures/validator_loadouts.rs	247
5	port	packages/validator/test/validator.test.ts	crates/engine/tests/rules/validator.rs	270
6	port	packages/engine/src/effects/addToHand.ts	crates/engine/src/effects/add_to_hand.rs	186
6	port	packages/engine/src/effects/afterCheck.ts	crates/engine/src/effects/after_check.rs	80
6	port	packages/engine/src/effects/animate.ts	crates/engine/src/effects/animate.rs	34
6	port	packages/engine/src/effects/brittle.ts	crates/engine/src/effects/brittle.rs	68
6	port	packages/engine/src/effects/buff.ts	crates/engine/src/effects/buff.rs	184
6	port	packages/engine/src/effects/cardScope.ts	crates/engine/src/effects/card_scope.rs	128
6	port	packages/engine/src/effects/cast.ts	crates/engine/src/effects/cast.rs	221
6	port	packages/engine/src/effects/choose.ts	crates/engine/src/effects/choose.rs	753
6	port	packages/engine/src/effects/chooseWhere.ts	crates/engine/src/effects/choose_where.rs	65
6	port	packages/engine/src/effects/coins.ts	crates/engine/src/effects/coins.rs	114
6	port	packages/engine/src/effects/combat.ts	crates/engine/src/effects/combat.rs	295
6	port	packages/engine/src/effects/cost.ts	crates/engine/src/effects/cost.rs	80
6	port	packages/engine/src/effects/counters.ts	crates/engine/src/effects/counters.rs	100
6	port	packages/engine/src/effects/cry.ts	crates/engine/src/effects/cry.rs	41
6	port	packages/engine/src/effects/damage.ts	crates/engine/src/effects/damage.rs	96
6	port	packages/engine/src/effects/datacenter.ts	crates/engine/src/effects/datacenter.rs	103
6	port	packages/engine/src/effects/delay.ts	crates/engine/src/effects/delay.rs	311
6	port	packages/engine/src/effects/destroy.ts	crates/engine/src/effects/destroy.rs	104
6	port	packages/engine/src/effects/draw.ts	crates/engine/src/effects/draw.rs	59
6	port	packages/engine/src/effects/drawWhile.ts	crates/engine/src/effects/draw_while.rs	31
6	port	packages/engine/src/effects/each.ts	crates/engine/src/effects/each.rs	32
6	port	packages/engine/src/effects/enchant.ts	crates/engine/src/effects/enchant.rs	47
6	port	packages/engine/src/effects/flicker.ts	crates/engine/src/effects/flicker.rs	67
6	port	packages/engine/src/effects/fruit.ts	crates/engine/src/effects/fruit.rs	195
6	port	packages/engine/src/effects/fuse.ts	crates/engine/src/effects/fuse.rs	450
6	port	packages/engine/src/effects/give.ts	crates/engine/src/effects/give.rs	125
6	port	packages/engine/src/effects/handExile.ts	crates/engine/src/effects/hand_exile.rs	49
6	port	packages/engine/src/effects/heal.ts	crates/engine/src/effects/heal.rs	47
6	port	packages/engine/src/effects/health.ts	crates/engine/src/effects/health.rs	44
6	port	packages/engine/src/effects/killCredit.ts	crates/engine/src/effects/kill_credit.rs	49
7	port	packages/engine/src/effects/lastBoard.ts	crates/engine/src/effects/last_board.rs	104
7	port	packages/engine/src/effects/library.ts	crates/engine/src/effects/library.rs	94
7	port	packages/engine/src/effects/libraryCopies.ts	crates/engine/src/effects/library_copies.rs	41
7	port	packages/engine/src/effects/locks.ts	crates/engine/src/effects/locks.rs	145
7	port	packages/engine/src/effects/loseHealth.ts	crates/engine/src/effects/lose_health.rs	14
7	port	packages/engine/src/effects/mana.ts	crates/engine/src/effects/mana.rs	63
7	port	packages/engine/src/effects/memory.ts	crates/engine/src/effects/memory.rs	38
7	port	packages/engine/src/effects/move.ts	crates/engine/src/effects/move_.rs	398
7	port	packages/engine/src/effects/perks.ts	crates/engine/src/effects/perks.rs	43
7	port	packages/engine/src/effects/plague.ts	crates/engine/src/effects/plague.rs	232
7	port	packages/engine/src/effects/playerMods.ts	crates/engine/src/effects/player_mods.rs	43
7	port	packages/engine/src/effects/position.ts	crates/engine/src/effects/position.rs	35
7	port	packages/engine/src/effects/radiant.ts	crates/engine/src/effects/radiant.rs	257
7	port	packages/engine/src/effects/randomPicks.ts	crates/engine/src/effects/random_picks.rs	49
7	port	packages/engine/src/effects/reveal.ts	crates/engine/src/effects/reveal.rs	27
7	port	packages/engine/src/effects/rotate.ts	crates/engine/src/effects/rotate.rs	53
7	port	packages/engine/src/effects/rounds.ts	crates/engine/src/effects/rounds.rs	69
7	port	packages/engine/src/effects/shuffleCard.ts	crates/engine/src/effects/shuffle_card.rs	48
7	port	packages/engine/src/effects/shuffleInto.ts	crates/engine/src/effects/shuffle_into.rs	69
7	port	packages/engine/src/effects/shuffleRandom.ts	crates/engine/src/effects/shuffle_random.rs	38
7	port	packages/engine/src/effects/split.ts	crates/engine/src/effects/split.rs	47
7	port	packages/engine/src/effects/statuses.ts	crates/engine/src/effects/statuses.rs	48
7	port	packages/engine/src/effects/steal.ts	crates/engine/src/effects/steal.rs	118
7	port	packages/engine/src/effects/summon.ts	crates/engine/src/effects/summon.rs	553
7	port	packages/engine/src/effects/summonThis.ts	crates/engine/src/effects/summon_this.rs	21
7	port	packages/engine/src/effects/swap.ts	crates/engine/src/effects/swap.rs	270
7	port	packages/engine/src/effects/targets.ts	crates/engine/src/effects/targets.rs	250
7	port	packages/engine/src/effects/transform.ts	crates/engine/src/effects/transform.rs	319
7	port	packages/engine/src/effects/tune.ts	crates/engine/src/effects/tune.rs	569
7	port	packages/engine/src/effects/turnEnd.ts	crates/engine/src/effects/turn_end.rs	44
8	port	packages/engine/src/subsystems/activate.ts	crates/engine/src/subsystems/activate.rs	568
8	port	packages/engine/src/subsystems/aiPolicy.ts	crates/engine/src/subsystems/ai_policy.rs	205
8	port	packages/engine/src/subsystems/audit.ts	crates/engine/src/subsystems/audit.rs	40
8	port	packages/engine/src/subsystems/boardHistory.ts	crates/engine/src/subsystems/board_history.rs	194
8	port	packages/engine/src/subsystems/callToChaos.ts	crates/engine/src/subsystems/call_to_chaos.rs	394
8	port	packages/engine/src/subsystems/callToChaosPlus.ts	crates/engine/src/subsystems/call_to_chaos_plus.rs	139
8	port	packages/engine/src/subsystems/comboIndex.ts	crates/engine/src/subsystems/combo_index.rs	266
8	port	packages/engine/src/subsystems/copiedText.ts	crates/engine/src/subsystems/copied_text.rs	136
8	port	packages/engine/src/subsystems/fuse.ts	crates/engine/src/subsystems/fuse.rs	1171
8	port	packages/engine/src/subsystems/glitch.ts	crates/engine/src/subsystems/glitch.rs	132
8	port	packages/engine/src/subsystems/heroPower.ts	crates/engine/src/subsystems/hero_power.rs	590
8	port	packages/engine/src/subsystems/kyTest.ts	crates/engine/src/subsystems/ky_test.rs	110
8	port	packages/engine/src/subsystems/lastBoards.ts	crates/engine/src/subsystems/last_boards.rs	106
8	port	packages/engine/src/subsystems/lethal.ts	crates/engine/src/subsystems/lethal.rs	172
8	port	packages/engine/src/subsystems/papaya.ts	crates/engine/src/subsystems/papaya.rs	141
8	port	packages/engine/src/subsystems/perfectHand.ts	crates/engine/src/subsystems/perfect_hand.rs	49
8	port	packages/engine/src/subsystems/quests.ts	crates/engine/src/subsystems/quests.rs	544
8	port	packages/engine/src/subsystems/rotation.ts	crates/engine/src/subsystems/rotation.rs	197
8	port	packages/engine/src/subsystems/scorer.ts	crates/engine/src/subsystems/scorer.rs	503
8	port	packages/engine/src/subsystems/twiceForward.ts	crates/engine/src/subsystems/twice_forward.rs	120
9	port	packages/cards/src/query.ts	crates/cards/src/query.rs	110
9	port	packages/cards/src/scripts/001-big-d-fender.ts	crates/cards/src/scripts/core/c001_big_d_fender.rs	36
9	port	packages/cards/src/scripts/002-bigot.ts	crates/cards/src/scripts/core/c002_bigot.rs	30
9	port	packages/cards/src/scripts/003-right-house-defender.ts	crates/cards/src/scripts/core/c003_right_house_defender.rs	27
9	port	packages/cards/src/scripts/004-gary-the-gambler.ts	crates/cards/src/scripts/core/c004_gary_the_gambler.rs	39
9	port	packages/cards/src/scripts/005-stockpile.ts	crates/cards/src/scripts/core/c005_stockpile.rs	24
9	port	packages/cards/src/scripts/006-mana-well.ts	crates/cards/src/scripts/core/c006_mana_well.rs	34
9	port	packages/cards/src/scripts/007-jewelosco-scarab.ts	crates/cards/src/scripts/core/c007_jewelosco_scarab.rs	65
9	port	packages/cards/src/scripts/008-mr-vanilla.ts	crates/cards/src/scripts/core/c008_mr_vanilla.rs	16
9	port	packages/cards/src/scripts/009-moths-to-the-flame.ts	crates/cards/src/scripts/core/c009_moths_to_the_flame.rs	37
9	port	packages/cards/src/scripts/010-rapid-replenish.ts	crates/cards/src/scripts/core/c010_rapid_replenish.rs	54
9	port	packages/cards/src/scripts/011-tempo-timmy.ts	crates/cards/src/scripts/core/c011_tempo_timmy.rs	18
9	port	packages/cards/src/scripts/012-duplicating-felinors.ts	crates/cards/src/scripts/core/c012_duplicating_felinors.rs	40
9	port	packages/cards/src/scripts/013-jlockeed-shredder-10.ts	crates/cards/src/scripts/core/c013_jlockeed_shredder_10.rs	40
9	port	packages/cards/src/scripts/014-jlockeeds-weapons.ts	crates/cards/src/scripts/core/c014_jlockeeds_weapons.rs	39
9	port	packages/cards/src/scripts/015-me-and-mr-token.ts	crates/cards/src/scripts/core/c015_me_and_mr_token.rs	33
9	port	packages/cards/src/scripts/016-hit-job.ts	crates/cards/src/scripts/core/c016_hit_job.rs	45
9	port	packages/cards/src/scripts/017-flood.ts	crates/cards/src/scripts/core/c017_flood.rs	70
9	port	packages/cards/src/scripts/018-bread-and-butter.ts	crates/cards/src/scripts/core/c018_bread_and_butter.rs	126
9	port	packages/cards/src/scripts/019-midrange-menace.ts	crates/cards/src/scripts/core/c019_midrange_menace.rs	37
9	port	packages/cards/src/scripts/020-pointmaster.ts	crates/cards/src/scripts/core/c020_pointmaster.rs	22
9	port	packages/cards/src/scripts/021-hinder.ts	crates/cards/src/scripts/core/c021_hinder.rs	42
9	port	packages/cards/src/scripts/022-carnivorous-cube.ts	crates/cards/src/scripts/core/c022_carnivorous_cube.rs	159
9	port	packages/cards/src/scripts/023-reoccurring-dream.ts	crates/cards/src/scripts/core/c023_reoccurring_dream.rs	81
9	port	packages/cards/src/scripts/024-efficiency-dividend.ts	crates/cards/src/scripts/core/c024_efficiency_dividend.rs	106
9	port	packages/cards/src/scripts/025-4-mana-7-7.ts	crates/cards/src/scripts/core/c025_4_mana_7_7.rs	22
9	port	packages/cards/src/scripts/026-glowy-jelly-bean.ts	crates/cards/src/scripts/core/c026_glowy_jelly_bean.rs	40
9	port	packages/cards/src/scripts/027-blood-ridden-glowy-jelly-bean.ts	crates/cards/src/scripts/core/c027_blood_ridden_glowy_jelly_bean.rs	44
9	port	packages/cards/src/scripts/028-knockoff-temu-glowy-jelly-bean.ts	crates/cards/src/scripts/core/c028_knockoff_temu_glowy_jelly_bean.rs	44
9	port	packages/cards/src/scripts/029-giga-glowy-jelly-bean.ts	crates/cards/src/scripts/core/c029_giga_glowy_jelly_bean.rs	60
9	port	packages/cards/src/scripts/030-archivist.ts	crates/cards/src/scripts/core/c030_archivist.rs	97
9	port	packages/cards/src/scripts/031-kys-math-equation.ts	crates/cards/src/scripts/core/c031_kys_math_equation.rs	134
9	port	packages/cards/src/scripts/032-prem-panther.ts	crates/cards/src/scripts/core/c032_prem_panther.rs	32
9	port	packages/cards/src/scripts/033-unstable-clone-machine.ts	crates/cards/src/scripts/core/c033_unstable_clone_machine.rs	88
9	port	packages/cards/src/scripts/034-collateral-damage.ts	crates/cards/src/scripts/core/c034_collateral_damage.rs	67
9	port	packages/cards/src/scripts/035-lunar-eclipse.ts	crates/cards/src/scripts/core/c035_lunar_eclipse.rs	81
9	port	packages/cards/src/scripts/036-magic-jammed.ts	crates/cards/src/scripts/core/c036_magic_jammed.rs	50
9	port	packages/cards/src/scripts/037-gravedigger.ts	crates/cards/src/scripts/core/c037_gravedigger.rs	71
9	port	packages/cards/src/scripts/038-quickstriker.ts	crates/cards/src/scripts/core/c038_quickstriker.rs	57
9	port	packages/cards/src/scripts/039-recycling-initiative.ts	crates/cards/src/scripts/core/c039_recycling_initiative.rs	141
9	port	packages/cards/src/scripts/040-echoes-of-the-forgotten.ts	crates/cards/src/scripts/core/c040_echoes_of_the_forgotten.rs	72
9	port	packages/cards/src/scripts/041-sheepish.ts	crates/cards/src/scripts/core/c041_sheepish.rs	90
9	port	packages/cards/src/scripts/042-eugenics.ts	crates/cards/src/scripts/core/c042_eugenics.rs	55
9	port	packages/cards/src/scripts/043-big-felinor.ts	crates/cards/src/scripts/core/c043_big_felinor.rs	47
9	port	packages/cards/src/scripts/044-true-strike.ts	crates/cards/src/scripts/core/c044_true_strike.rs	51
9	port	packages/cards/src/scripts/045-deft-duelist.ts	crates/cards/src/scripts/core/c045_deft_duelist.rs	21
9	port	packages/cards/src/scripts/046-suppressive-aura.ts	crates/cards/src/scripts/core/c046_suppressive_aura.rs	66
9	port	packages/cards/src/scripts/047-fig-of-life.ts	crates/cards/src/scripts/core/c047_fig_of_life.rs	37
9	port	packages/cards/src/scripts/048-5pek-controller.ts	crates/cards/src/scripts/core/c048_5pek_controller.rs	51
9	port-inline	packages/cards/test/001-big-d-fender.test.ts	crates/cards/src/scripts/core/c001_big_d_fender.rs	65
9	port-inline	packages/cards/test/002-bigot.test.ts	crates/cards/src/scripts/core/c002_bigot.rs	62
9	port-inline	packages/cards/test/003-right-house-defender.test.ts	crates/cards/src/scripts/core/c003_right_house_defender.rs	146
9	port-inline	packages/cards/test/004-gary-the-gambler.test.ts	crates/cards/src/scripts/core/c004_gary_the_gambler.rs	130
9	port-inline	packages/cards/test/005-stockpile.test.ts	crates/cards/src/scripts/core/c005_stockpile.rs	74
9	port-inline	packages/cards/test/006-mana-well.test.ts	crates/cards/src/scripts/core/c006_mana_well.rs	95
9	port-inline	packages/cards/test/007-jewelosco-scarab.test.ts	crates/cards/src/scripts/core/c007_jewelosco_scarab.rs	147
9	port-inline	packages/cards/test/008-mr-vanilla.test.ts	crates/cards/src/scripts/core/c008_mr_vanilla.rs	103
9	port-inline	packages/cards/test/009-moths-to-the-flame.test.ts	crates/cards/src/scripts/core/c009_moths_to_the_flame.rs	125
9	port-inline	packages/cards/test/010-rapid-replenish.test.ts	crates/cards/src/scripts/core/c010_rapid_replenish.rs	153
9	port-inline	packages/cards/test/011-tempo-timmy.test.ts	crates/cards/src/scripts/core/c011_tempo_timmy.rs	103
9	port-inline	packages/cards/test/012-duplicating-felinors.test.ts	crates/cards/src/scripts/core/c012_duplicating_felinors.rs	153
9	port-inline	packages/cards/test/013-jlockeed-shredder-10.test.ts	crates/cards/src/scripts/core/c013_jlockeed_shredder_10.rs	108
9	port-inline	packages/cards/test/014-jlockeeds-weapons.test.ts	crates/cards/src/scripts/core/c014_jlockeeds_weapons.rs	143
9	port-inline	packages/cards/test/015-me-and-mr-token.test.ts	crates/cards/src/scripts/core/c015_me_and_mr_token.rs	89
9	port-inline	packages/cards/test/016-hit-job.test.ts	crates/cards/src/scripts/core/c016_hit_job.rs	183
9	port-inline	packages/cards/test/017-flood.test.ts	crates/cards/src/scripts/core/c017_flood.rs	206
9	port-inline	packages/cards/test/018-bread-and-butter.test.ts	crates/cards/src/scripts/core/c018_bread_and_butter.rs	205
9	port-inline	packages/cards/test/019-midrange-menace.test.ts	crates/cards/src/scripts/core/c019_midrange_menace.rs	131
9	port-inline	packages/cards/test/020-pointmaster.test.ts	crates/cards/src/scripts/core/c020_pointmaster.rs	105
9	port-inline	packages/cards/test/021-hinder.test.ts	crates/cards/src/scripts/core/c021_hinder.rs	256
9	port-inline	packages/cards/test/022-carnivorous-cube.test.ts	crates/cards/src/scripts/core/c022_carnivorous_cube.rs	246
9	port-inline	packages/cards/test/023-reoccurring-dream.test.ts	crates/cards/src/scripts/core/c023_reoccurring_dream.rs	160
9	port-inline	packages/cards/test/024-efficiency-dividend.test.ts	crates/cards/src/scripts/core/c024_efficiency_dividend.rs	233
9	port-inline	packages/cards/test/025-4-mana-7-7.test.ts	crates/cards/src/scripts/core/c025_4_mana_7_7.rs	138
9	port-inline	packages/cards/test/026-glowy-jelly-bean.test.ts	crates/cards/src/scripts/core/c026_glowy_jelly_bean.rs	111
9	port-inline	packages/cards/test/027-blood-ridden-glowy-jelly-bean.test.ts	crates/cards/src/scripts/core/c027_blood_ridden_glowy_jelly_bean.rs	123
9	port-inline	packages/cards/test/028-knockoff-temu-glowy-jelly-bean.test.ts	crates/cards/src/scripts/core/c028_knockoff_temu_glowy_jelly_bean.rs	152
9	port-inline	packages/cards/test/029-giga-glowy-jelly-bean.test.ts	crates/cards/src/scripts/core/c029_giga_glowy_jelly_bean.rs	129
9	port-inline	packages/cards/test/030-archivist.test.ts	crates/cards/src/scripts/core/c030_archivist.rs	140
9	port-inline	packages/cards/test/031-kys-math-equation.test.ts	crates/cards/src/scripts/core/c031_kys_math_equation.rs	229
9	port-inline	packages/cards/test/032-prem-panther.test.ts	crates/cards/src/scripts/core/c032_prem_panther.rs	315
9	port-inline	packages/cards/test/033-unstable-clone-machine.test.ts	crates/cards/src/scripts/core/c033_unstable_clone_machine.rs	313
9	port-inline	packages/cards/test/034-collateral-damage.test.ts	crates/cards/src/scripts/core/c034_collateral_damage.rs	175
9	port-inline	packages/cards/test/035-lunar-eclipse.test.ts	crates/cards/src/scripts/core/c035_lunar_eclipse.rs	152
9	port-inline	packages/cards/test/036-magic-jammed.test.ts	crates/cards/src/scripts/core/c036_magic_jammed.rs	135
9	port-inline	packages/cards/test/037-gravedigger.test.ts	crates/cards/src/scripts/core/c037_gravedigger.rs	180
9	port-inline	packages/cards/test/038-quickstriker.test.ts	crates/cards/src/scripts/core/c038_quickstriker.rs	292
9	port-inline	packages/cards/test/039-recycling-initiative.test.ts	crates/cards/src/scripts/core/c039_recycling_initiative.rs	330
9	port-inline	packages/cards/test/040-echoes-of-the-forgotten.test.ts	crates/cards/src/scripts/core/c040_echoes_of_the_forgotten.rs	243
9	port-inline	packages/cards/test/041-sheepish.test.ts	crates/cards/src/scripts/core/c041_sheepish.rs	263
9	port-inline	packages/cards/test/042-eugenics.test.ts	crates/cards/src/scripts/core/c042_eugenics.rs	169
9	port-inline	packages/cards/test/043-big-felinor.test.ts	crates/cards/src/scripts/core/c043_big_felinor.rs	134
9	port-inline	packages/cards/test/044-true-strike.test.ts	crates/cards/src/scripts/core/c044_true_strike.rs	162
9	port-inline	packages/cards/test/045-deft-duelist.test.ts	crates/cards/src/scripts/core/c045_deft_duelist.rs	160
9	port-inline	packages/cards/test/046-suppressive-aura.test.ts	crates/cards/src/scripts/core/c046_suppressive_aura.rs	210
9	port-inline	packages/cards/test/047-fig-of-life.test.ts	crates/cards/src/scripts/core/c047_fig_of_life.rs	128
9	port-inline	packages/cards/test/048-5pek-controller.test.ts	crates/cards/src/scripts/core/c048_5pek_controller.rs	157
10	port	packages/cards/src/scripts/049-snom-bunny-mind-control.ts	crates/cards/src/scripts/core/c049_snom_bunny_mind_control.rs	50
10	port	packages/cards/src/scripts/050-k-pop-fanatic.ts	crates/cards/src/scripts/core/c050_k_pop_fanatic.rs	184
10	port	packages/cards/src/scripts/051-1-kys-empty-notebook.ts	crates/cards/src/scripts/core/c051_1_kys_empty_notebook.rs	42
10	port	packages/cards/src/scripts/051-kys-private-tutor.ts	crates/cards/src/scripts/core/c051_kys_private_tutor.rs	277
10	port	packages/cards/src/scripts/052-silly-silas.ts	crates/cards/src/scripts/core/c052_silly_silas.rs	93
10	port	packages/cards/src/scripts/053-reno.ts	crates/cards/src/scripts/core/c053_reno.rs	51
10	port	packages/cards/src/scripts/054-straaza.ts	crates/cards/src/scripts/core/c054_straaza.rs	71
10	port	packages/cards/src/scripts/055-lava-golem.ts	crates/cards/src/scripts/core/c055_lava_golem.rs	54
10	port	packages/cards/src/scripts/056-jilliax.ts	crates/cards/src/scripts/core/c056_jilliax.rs	33
10	port	packages/cards/src/scripts/057-conjure-ky.ts	crates/cards/src/scripts/core/c057_conjure_ky.rs	51
10	port	packages/cards/src/scripts/058-rush-token-farm.ts	crates/cards/src/scripts/core/c058_rush_token_farm.rs	48
10	port	packages/cards/src/scripts/059-unbiased-immigration.ts	crates/cards/src/scripts/core/c059_unbiased_immigration.rs	59
10	port	packages/cards/src/scripts/060-bear-honeypot.ts	crates/cards/src/scripts/core/c060_bear_honeypot.rs	134
10	port	packages/cards/src/scripts/061-prejudiced-postdoc.ts	crates/cards/src/scripts/core/c061_prejudiced_postdoc.rs	68
10	port	packages/cards/src/scripts/062-friend-of-felinors.ts	crates/cards/src/scripts/core/c062_friend_of_felinors.rs	36
10	port	packages/cards/src/scripts/063-plastic-surgery.ts	crates/cards/src/scripts/core/c063_plastic_surgery.rs	49
10	port	packages/cards/src/scripts/064-gifted-program.ts	crates/cards/src/scripts/core/c064_gifted_program.rs	40
10	port	packages/cards/src/scripts/065-1-spikey-pillow.ts	crates/cards/src/scripts/core/c065_1_spikey_pillow.rs	61
10	port	packages/cards/src/scripts/065-masochism-mask.ts	crates/cards/src/scripts/core/c065_masochism_mask.rs	112
10	port	packages/cards/src/scripts/066-the-rock.ts	crates/cards/src/scripts/core/c066_the_rock.rs	50
10	port	packages/cards/src/scripts/067-zoomerbin-oomen.ts	crates/cards/src/scripts/core/c067_zoomerbin_oomen.rs	76
10	port	packages/cards/src/scripts/068-twisted-sorcerer.ts	crates/cards/src/scripts/core/c068_twisted_sorcerer.rs	89
10	port	packages/cards/src/scripts/069-call-to-arms.ts	crates/cards/src/scripts/core/c069_call_to_arms.rs	52
10	port	packages/cards/src/scripts/070-spiteful-stab.ts	crates/cards/src/scripts/core/c070_spiteful_stab.rs	88
10	port	packages/cards/src/scripts/071-intern-stimmy.ts	crates/cards/src/scripts/core/c071_intern_stimmy.rs	82
10	port	packages/cards/src/scripts/072-reminisce.ts	crates/cards/src/scripts/core/c072_reminisce.rs	68
10	port	packages/cards/src/scripts/073-anti-oneshot-armor.ts	crates/cards/src/scripts/core/c073_anti_oneshot_armor.rs	49
10	port	packages/cards/src/scripts/074-adaptive-ui.ts	crates/cards/src/scripts/core/c074_adaptive_ui.rs	83
10	port	packages/cards/src/scripts/075-infinite-reserves.ts	crates/cards/src/scripts/core/c075_infinite_reserves.rs	41
10	port	packages/cards/src/scripts/076-field-of-dreams.ts	crates/cards/src/scripts/core/c076_field_of_dreams.rs	64
10	port	packages/cards/src/scripts/077-professor-curvature.ts	crates/cards/src/scripts/core/c077_professor_curvature.rs	52
10	port	packages/cards/src/scripts/078-fullsend.ts	crates/cards/src/scripts/core/c078_fullsend.rs	100
10	port	packages/cards/src/scripts/079-twinspell.ts	crates/cards/src/scripts/core/c079_twinspell.rs	37
10	port	packages/cards/src/scripts/080-zao-gao.ts	crates/cards/src/scripts/core/c080_zao_gao.rs	71
10	port	packages/cards/src/scripts/081-radiant-saintess.ts	crates/cards/src/scripts/core/c081_radiant_saintess.rs	89
10	port-inline	packages/cards/test/049-snom-bunny-mind-control.test.ts	crates/cards/src/scripts/core/c049_snom_bunny_mind_control.rs	182
10	port-inline	packages/cards/test/050-k-pop-fanatic.test.ts	crates/cards/src/scripts/core/c050_k_pop_fanatic.rs	737
10	port-inline	packages/cards/test/051-1-kys-empty-notebook.test.ts	crates/cards/src/scripts/core/c051_1_kys_empty_notebook.rs	131
10	port-inline	packages/cards/test/051-kys-private-tutor.test.ts	crates/cards/src/scripts/core/c051_kys_private_tutor.rs	460
10	port-inline	packages/cards/test/052-silly-silas.test.ts	crates/cards/src/scripts/core/c052_silly_silas.rs	258
10	port-inline	packages/cards/test/053-reno.test.ts	crates/cards/src/scripts/core/c053_reno.rs	83
10	port-inline	packages/cards/test/054-straaza.test.ts	crates/cards/src/scripts/core/c054_straaza.rs	234
10	port-inline	packages/cards/test/055-lava-golem.test.ts	crates/cards/src/scripts/core/c055_lava_golem.rs	300
10	port-inline	packages/cards/test/056-jilliax.test.ts	crates/cards/src/scripts/core/c056_jilliax.rs	177
10	port-inline	packages/cards/test/057-conjure-ky.test.ts	crates/cards/src/scripts/core/c057_conjure_ky.rs	159
10	port-inline	packages/cards/test/058-rush-token-farm.test.ts	crates/cards/src/scripts/core/c058_rush_token_farm.rs	182
10	port-inline	packages/cards/test/059-unbiased-immigration.test.ts	crates/cards/src/scripts/core/c059_unbiased_immigration.rs	230
10	port-inline	packages/cards/test/060-bear-honeypot.test.ts	crates/cards/src/scripts/core/c060_bear_honeypot.rs	476
10	port-inline	packages/cards/test/061-prejudiced-postdoc.test.ts	crates/cards/src/scripts/core/c061_prejudiced_postdoc.rs	191
10	port-inline	packages/cards/test/062-friend-of-felinors.test.ts	crates/cards/src/scripts/core/c062_friend_of_felinors.rs	92
10	port-inline	packages/cards/test/063-plastic-surgery.test.ts	crates/cards/src/scripts/core/c063_plastic_surgery.rs	153
10	port-inline	packages/cards/test/064-gifted-program.test.ts	crates/cards/src/scripts/core/c064_gifted_program.rs	190
10	port-inline	packages/cards/test/065-1-spikey-pillow.test.ts	crates/cards/src/scripts/core/c065_1_spikey_pillow.rs	134
10	port-inline	packages/cards/test/065-masochism-mask.test.ts	crates/cards/src/scripts/core/c065_masochism_mask.rs	156
10	port-inline	packages/cards/test/066-the-rock.test.ts	crates/cards/src/scripts/core/c066_the_rock.rs	183
10	port-inline	packages/cards/test/067-zoomerbin-oomen.test.ts	crates/cards/src/scripts/core/c067_zoomerbin_oomen.rs	249
10	port-inline	packages/cards/test/068-twisted-sorcerer.test.ts	crates/cards/src/scripts/core/c068_twisted_sorcerer.rs	167
10	port-inline	packages/cards/test/069-call-to-arms.test.ts	crates/cards/src/scripts/core/c069_call_to_arms.rs	205
10	port-inline	packages/cards/test/070-spiteful-stab.test.ts	crates/cards/src/scripts/core/c070_spiteful_stab.rs	227
10	port-inline	packages/cards/test/071-intern-stimmy.test.ts	crates/cards/src/scripts/core/c071_intern_stimmy.rs	174
10	port-inline	packages/cards/test/072-reminisce.test.ts	crates/cards/src/scripts/core/c072_reminisce.rs	217
10	port-inline	packages/cards/test/073-anti-oneshot-armor.test.ts	crates/cards/src/scripts/core/c073_anti_oneshot_armor.rs	228
10	port-inline	packages/cards/test/074-adaptive-ui.test.ts	crates/cards/src/scripts/core/c074_adaptive_ui.rs	218
10	port-inline	packages/cards/test/075-infinite-reserves.test.ts	crates/cards/src/scripts/core/c075_infinite_reserves.rs	165
10	port-inline	packages/cards/test/076-field-of-dreams.test.ts	crates/cards/src/scripts/core/c076_field_of_dreams.rs	136
10	port-inline	packages/cards/test/077-professor-curvature.test.ts	crates/cards/src/scripts/core/c077_professor_curvature.rs	209
10	port-inline	packages/cards/test/078-fullsend.test.ts	crates/cards/src/scripts/core/c078_fullsend.rs	290
10	port-inline	packages/cards/test/079-twinspell.test.ts	crates/cards/src/scripts/core/c079_twinspell.rs	201
10	port-inline	packages/cards/test/080-zao-gao.test.ts	crates/cards/src/scripts/core/c080_zao_gao.rs	304
10	port-inline	packages/cards/test/081-radiant-saintess.test.ts	crates/cards/src/scripts/core/c081_radiant_saintess.rs	314
11	port	packages/cards/src/scripts/082-kys-trial.ts	crates/cards/src/scripts/core/c082_kys_trial.rs	93
11	port	packages/cards/src/scripts/083-transmogulate.ts	crates/cards/src/scripts/core/c083_transmogulate.rs	146
11	port	packages/cards/src/scripts/084-going-long.ts	crates/cards/src/scripts/core/c084_going_long.rs	50
11	port	packages/cards/src/scripts/085-unlicensed-experimentation.ts	crates/cards/src/scripts/core/c085_unlicensed_experimentation.rs	176
11	port	packages/cards/src/scripts/086-miss-mrow.ts	crates/cards/src/scripts/core/c086_miss_mrow.rs	40
11	port	packages/cards/src/scripts/087-pocket-chaos.ts	crates/cards/src/scripts/core/c087_pocket_chaos.rs	99
11	port	packages/cards/src/scripts/088-twisting-nether.ts	crates/cards/src/scripts/core/c088_twisting_nether.rs	67
11	port	packages/cards/src/scripts/089-corpse-eater.ts	crates/cards/src/scripts/core/c089_corpse_eater.rs	89
11	port	packages/cards/src/scripts/090-1-cn-virus.ts	crates/cards/src/scripts/core/c090_1_cn_virus.rs	85
11	port	packages/cards/src/scripts/090-cn-viral-injection.ts	crates/cards/src/scripts/core/c090_cn_viral_injection.rs	52
11	port	packages/cards/src/scripts/091-fed-fauci.ts	crates/cards/src/scripts/core/c091_fed_fauci.rs	95
11	port	packages/cards/src/scripts/092-felinor-fiender.ts	crates/cards/src/scripts/core/c092_felinor_fiender.rs	87
11	port	packages/cards/src/scripts/093-1-combo-fodder.ts	crates/cards/src/scripts/core/c093_1_combo_fodder.rs	55
11	port	packages/cards/src/scripts/093-combo-index.ts	crates/cards/src/scripts/core/c093_combo_index.rs	96
11	port	packages/cards/src/scripts/094-genns-greed.ts	crates/cards/src/scripts/core/c094_genns_greed.rs	80
11	port	packages/cards/src/scripts/095-1-chaos-golem.ts	crates/cards/src/scripts/core/c095_1_chaos_golem.rs	41
11	port	packages/cards/src/scripts/095-call-to-chaos.ts	crates/cards/src/scripts/core/c095_call_to_chaos.rs	41
11	port	packages/cards/src/scripts/096-my-pawn.ts	crates/cards/src/scripts/core/c096_my_pawn.rs	130
11	port	packages/cards/src/scripts/097-zephyrs.ts	crates/cards/src/scripts/core/c097_zephyrs.rs	83
11	port	packages/cards/src/scripts/098-heroic-power.ts	crates/cards/src/scripts/core/c098_heroic_power.rs	62
11	port	packages/cards/src/scripts/099-craft-a-card.ts	crates/cards/src/scripts/core/c099_craft_a_card.rs	120
11	port	packages/cards/src/scripts/100-ceaseless-void.ts	crates/cards/src/scripts/core/c100_ceaseless_void.rs	103
11	port	packages/cards/src/scripts/t-bread.ts	crates/cards/src/scripts/core/t_bread.rs	37
11	port	packages/cards/src/scripts/t-coin.ts	crates/cards/src/scripts/core/t_coin.rs	38
11	port	packages/cards/src/scripts/t-felinor.ts	crates/cards/src/scripts/core/t_felinor.rs	31
11	port	packages/cards/src/scripts/t-ghoul.ts	crates/cards/src/scripts/core/t_ghoul.rs	29
11	port-inline	packages/cards/test/082-kys-trial.test.ts	crates/cards/src/scripts/core/c082_kys_trial.rs	179
11	port-inline	packages/cards/test/083-transmogulate.test.ts	crates/cards/src/scripts/core/c083_transmogulate.rs	267
11	port-inline	packages/cards/test/084-going-long.test.ts	crates/cards/src/scripts/core/c084_going_long.rs	262
11	port-inline	packages/cards/test/085-unlicensed-experimentation.test.ts	crates/cards/src/scripts/core/c085_unlicensed_experimentation.rs	408
11	port-inline	packages/cards/test/086-miss-mrow.test.ts	crates/cards/src/scripts/core/c086_miss_mrow.rs	213
11	port-inline	packages/cards/test/087-pocket-chaos.test.ts	crates/cards/src/scripts/core/c087_pocket_chaos.rs	355
11	port-inline	packages/cards/test/088-twisting-nether.test.ts	crates/cards/src/scripts/core/c088_twisting_nether.rs	181
11	port-inline	packages/cards/test/089-corpse-eater.test.ts	crates/cards/src/scripts/core/c089_corpse_eater.rs	248
11	port-inline	packages/cards/test/090-cn-viral-injection.test.ts	crates/cards/src/scripts/core/c090_cn_viral_injection.rs	607
11	port-inline	packages/cards/test/091-fed-fauci.test.ts	crates/cards/src/scripts/core/c091_fed_fauci.rs	198
11	port-inline	packages/cards/test/092-felinor-fiender.test.ts	crates/cards/src/scripts/core/c092_felinor_fiender.rs	310
11	port-inline	packages/cards/test/093-combo-index.test.ts	crates/cards/src/scripts/core/c093_combo_index.rs	971
11	port-inline	packages/cards/test/094-genns-greed.test.ts	crates/cards/src/scripts/core/c094_genns_greed.rs	418
11	port-inline	packages/cards/test/095-call-to-chaos.test.ts	crates/cards/src/scripts/core/c095_call_to_chaos.rs	738
11	port-inline	packages/cards/test/096-my-pawn.test.ts	crates/cards/src/scripts/core/c096_my_pawn.rs	470
11	port-inline	packages/cards/test/097-zephyrs.test.ts	crates/cards/src/scripts/core/c097_zephyrs.rs	381
11	port-inline	packages/cards/test/098-heroic-power.test.ts	crates/cards/src/scripts/core/c098_heroic_power.rs	450
11	port-inline	packages/cards/test/099-craft-a-card.test.ts	crates/cards/src/scripts/core/c099_craft_a_card.rs	504
11	port-inline	packages/cards/test/100-ceaseless-void.test.ts	crates/cards/src/scripts/core/c100_ceaseless_void.rs	440
11	port-inline	packages/cards/test/t-bread.test.ts	crates/cards/src/scripts/core/t_bread.rs	251
11	port-inline	packages/cards/test/t-coin.test.ts	crates/cards/src/scripts/core/t_coin.rs	320
11	port-inline	packages/cards/test/t-felinor.test.ts	crates/cards/src/scripts/core/t_felinor.rs	234
11	port-inline	packages/cards/test/t-ghoul.test.ts	crates/cards/src/scripts/core/t_ghoul.rs	177
12	port	packages/cards/src/scripts/classic/001-curse-of-the-forgotten-classic.ts	crates/cards/src/scripts/classic/c001_curse_of_the_forgotten_classic.rs	90
12	port	packages/cards/src/scripts/classic/002-the-trickster.ts	crates/cards/src/scripts/classic/c002_the_trickster.rs	37
12	port	packages/cards/src/scripts/classic/003-book-of-heal.ts	crates/cards/src/scripts/classic/c003_book_of_heal.rs	37
12	port	packages/cards/src/scripts/classic/004-palantir.ts	crates/cards/src/scripts/classic/c004_palantir.rs	86
12	port	packages/cards/src/scripts/classic/005-tesla.ts	crates/cards/src/scripts/classic/c005_tesla.rs	65
12	port	packages/cards/src/scripts/classic/006-cloaked-toe-cracker.ts	crates/cards/src/scripts/classic/c006_cloaked_toe_cracker.rs	50
12	port	packages/cards/src/scripts/classic/007-infiniscepter.ts	crates/cards/src/scripts/classic/c007_infiniscepter.rs	76
12	port	packages/cards/src/scripts/classic/008-pickle.ts	crates/cards/src/scripts/classic/c008_pickle.rs	144
12	port	packages/cards/src/scripts/classic/009-income-tax.ts	crates/cards/src/scripts/classic/c009_income_tax.rs	86
12	port	packages/cards/src/scripts/classic/010-exile.ts	crates/cards/src/scripts/classic/c010_exile.rs	89
12	port	packages/cards/src/scripts/classic/011-mind-melt.ts	crates/cards/src/scripts/classic/c011_mind_melt.rs	52
12	port	packages/cards/src/scripts/classic/012-book-of-blood.ts	crates/cards/src/scripts/classic/c012_book_of_blood.rs	33
12	port	packages/cards/src/scripts/classic/013-boots-on-the-ground.ts	crates/cards/src/scripts/classic/c013_boots_on_the_ground.rs	39
12	port	packages/cards/src/scripts/classic/014-shadowstep.ts	crates/cards/src/scripts/classic/c014_shadowstep.rs	97
12	port	packages/cards/src/scripts/classic/015-nose-hunter.ts	crates/cards/src/scripts/classic/c015_nose_hunter.rs	47
12	port	packages/cards/src/scripts/classic/016-book-of-flame.ts	crates/cards/src/scripts/classic/c016_book_of_flame.rs	32
12	port	packages/cards/src/scripts/classic/017-counterspell.ts	crates/cards/src/scripts/classic/c017_counterspell.rs	65
12	port	packages/cards/src/scripts/classic/018-glitch-in-the-system.ts	crates/cards/src/scripts/classic/c018_glitch_in_the_system.rs	81
12	port	packages/cards/src/scripts/classic/019-lizards-breath.ts	crates/cards/src/scripts/classic/c019_lizards_breath.rs	79
12	port	packages/cards/src/scripts/classic/020-the-power-to-punish.ts	crates/cards/src/scripts/classic/c020_the_power_to_punish.rs	75
12	port	packages/cards/src/scripts/classic/021-turtinator.ts	crates/cards/src/scripts/classic/c021_turtinator.rs	43
12	port	packages/cards/src/scripts/classic/022-mid-runner.ts	crates/cards/src/scripts/classic/c022_mid_runner.rs	88
12	port	packages/cards/src/scripts/classic/023-devils-pact.ts	crates/cards/src/scripts/classic/c023_devils_pact.rs	61
12	port	packages/cards/src/scripts/classic/024-book-of-knowledge.ts	crates/cards/src/scripts/classic/c024_book_of_knowledge.rs	24
12	port	packages/cards/src/scripts/classic/025-lag-in-the-system.ts	crates/cards/src/scripts/classic/c025_lag_in_the_system.rs	63
12	port	packages/cards/src/scripts/classic/026-rapid-draw.ts	crates/cards/src/scripts/classic/c026_rapid_draw.rs	44
12	port	packages/cards/src/scripts/classic/027-pestilent-slime.ts	crates/cards/src/scripts/classic/c027_pestilent_slime.rs	28
12	port	packages/cards/src/scripts/classic/028-second-wind.ts	crates/cards/src/scripts/classic/c028_second_wind.rs	67
12	port	packages/cards/src/scripts/classic/029-book-of-vital-kill.ts	crates/cards/src/scripts/classic/c029_book_of_vital_kill.rs	41
12	port	packages/cards/src/scripts/classic/030-recycle.ts	crates/cards/src/scripts/classic/c030_recycle.rs	57
12	port	packages/cards/src/scripts/classic/031-cookie-guild.ts	crates/cards/src/scripts/classic/c031_cookie_guild.rs	35
12	port	packages/cards/src/scripts/classic/032-felinor-feelings.ts	crates/cards/src/scripts/classic/c032_felinor_feelings.rs	74
12	port	packages/cards/src/scripts/t-rush.ts	crates/cards/src/scripts/core/t_rush.rs	46
12	port	packages/cards/src/scripts/t-sheep.ts	crates/cards/src/scripts/core/t_sheep.rs	34
12	port-inline	packages/cards/test/classic/001-curse-of-the-forgotten-classic.test.ts	crates/cards/src/scripts/classic/c001_curse_of_the_forgotten_classic.rs	249
12	port-inline	packages/cards/test/classic/002-the-trickster.test.ts	crates/cards/src/scripts/classic/c002_the_trickster.rs	206
12	port-inline	packages/cards/test/classic/003-book-of-heal.test.ts	crates/cards/src/scripts/classic/c003_book_of_heal.rs	127
12	port-inline	packages/cards/test/classic/004-palantir.test.ts	crates/cards/src/scripts/classic/c004_palantir.rs	416
12	port-inline	packages/cards/test/classic/005-tesla.test.ts	crates/cards/src/scripts/classic/c005_tesla.rs	299
12	port-inline	packages/cards/test/classic/006-cloaked-toe-cracker.test.ts	crates/cards/src/scripts/classic/c006_cloaked_toe_cracker.rs	229
12	port-inline	packages/cards/test/classic/007-infiniscepter.test.ts	crates/cards/src/scripts/classic/c007_infiniscepter.rs	314
12	port-inline	packages/cards/test/classic/008-pickle.test.ts	crates/cards/src/scripts/classic/c008_pickle.rs	330
12	port-inline	packages/cards/test/classic/009-income-tax.test.ts	crates/cards/src/scripts/classic/c009_income_tax.rs	388
12	port-inline	packages/cards/test/classic/010-exile.test.ts	crates/cards/src/scripts/classic/c010_exile.rs	324
12	port-inline	packages/cards/test/classic/011-mind-melt.test.ts	crates/cards/src/scripts/classic/c011_mind_melt.rs	243
12	port-inline	packages/cards/test/classic/012-book-of-blood.test.ts	crates/cards/src/scripts/classic/c012_book_of_blood.rs	168
12	port-inline	packages/cards/test/classic/013-boots-on-the-ground.test.ts	crates/cards/src/scripts/classic/c013_boots_on_the_ground.rs	247
12	port-inline	packages/cards/test/classic/014-shadowstep.test.ts	crates/cards/src/scripts/classic/c014_shadowstep.rs	299
12	port-inline	packages/cards/test/classic/015-nose-hunter.test.ts	crates/cards/src/scripts/classic/c015_nose_hunter.rs	270
12	port-inline	packages/cards/test/classic/016-book-of-flame.test.ts	crates/cards/src/scripts/classic/c016_book_of_flame.rs	124
12	port-inline	packages/cards/test/classic/017-counterspell.test.ts	crates/cards/src/scripts/classic/c017_counterspell.rs	271
12	port-inline	packages/cards/test/classic/018-glitch-in-the-system.test.ts	crates/cards/src/scripts/classic/c018_glitch_in_the_system.rs	278
12	port-inline	packages/cards/test/classic/019-lizards-breath.test.ts	crates/cards/src/scripts/classic/c019_lizards_breath.rs	229
12	port-inline	packages/cards/test/classic/020-the-power-to-punish.test.ts	crates/cards/src/scripts/classic/c020_the_power_to_punish.rs	387
12	port-inline	packages/cards/test/classic/021-turtinator.test.ts	crates/cards/src/scripts/classic/c021_turtinator.rs	275
12	port-inline	packages/cards/test/classic/022-mid-runner.test.ts	crates/cards/src/scripts/classic/c022_mid_runner.rs	230
12	port-inline	packages/cards/test/classic/023-devils-pact.test.ts	crates/cards/src/scripts/classic/c023_devils_pact.rs	337
12	port-inline	packages/cards/test/classic/024-book-of-knowledge.test.ts	crates/cards/src/scripts/classic/c024_book_of_knowledge.rs	157
12	port-inline	packages/cards/test/classic/025-lag-in-the-system.test.ts	crates/cards/src/scripts/classic/c025_lag_in_the_system.rs	276
12	port-inline	packages/cards/test/classic/026-rapid-draw.test.ts	crates/cards/src/scripts/classic/c026_rapid_draw.rs	184
12	port-inline	packages/cards/test/classic/027-pestilent-slime.test.ts	crates/cards/src/scripts/classic/c027_pestilent_slime.rs	162
12	port-inline	packages/cards/test/classic/028-second-wind.test.ts	crates/cards/src/scripts/classic/c028_second_wind.rs	293
12	port-inline	packages/cards/test/classic/029-book-of-vital-kill.test.ts	crates/cards/src/scripts/classic/c029_book_of_vital_kill.rs	189
12	port-inline	packages/cards/test/classic/030-recycle.test.ts	crates/cards/src/scripts/classic/c030_recycle.rs	197
12	port-inline	packages/cards/test/classic/031-cookie-guild.test.ts	crates/cards/src/scripts/classic/c031_cookie_guild.rs	209
12	port-inline	packages/cards/test/classic/032-felinor-feelings.test.ts	crates/cards/src/scripts/classic/c032_felinor_feelings.rs	292
12	port-inline	packages/cards/test/t-rush.test.ts	crates/cards/src/scripts/core/t_rush.rs	277
12	port-inline	packages/cards/test/t-sheep.test.ts	crates/cards/src/scripts/core/t_sheep.rs	224
13	port	packages/cards/src/scripts/classic/033-joro.ts	crates/cards/src/scripts/classic/c033_joro.rs	45
13	port	packages/cards/src/scripts/classic/034-ancient-acquisition.ts	crates/cards/src/scripts/classic/c034_ancient_acquisition.rs	30
13	port	packages/cards/src/scripts/classic/035-prep.ts	crates/cards/src/scripts/classic/c035_prep.rs	44
13	port	packages/cards/src/scripts/classic/036-burn.ts	crates/cards/src/scripts/classic/c036_burn.rs	67
13	port	packages/cards/src/scripts/classic/037-last-hurrah.ts	crates/cards/src/scripts/classic/c037_last_hurrah.rs	33
13	port	packages/cards/src/scripts/classic/038-jackiestan-auctioneer.ts	crates/cards/src/scripts/classic/c038_jackiestan_auctioneer.rs	75
13	port	packages/cards/src/scripts/classic/039-outbreak.ts	crates/cards/src/scripts/classic/c039_outbreak.rs	79
13	port	packages/cards/src/scripts/classic/040-mc-tech.ts	crates/cards/src/scripts/classic/c040_mc_tech.rs	89
13	port	packages/cards/src/scripts/classic/041-state-of-the-game.ts	crates/cards/src/scripts/classic/c041_state_of_the_game.rs	27
13	port	packages/cards/src/scripts/classic/042-transmutable-toxins.ts	crates/cards/src/scripts/classic/c042_transmutable_toxins.rs	63
13	port	packages/cards/src/scripts/classic/043-plague-nuke.ts	crates/cards/src/scripts/classic/c043_plague_nuke.rs	94
13	port	packages/cards/src/scripts/classic/044-back-from-the-gy.ts	crates/cards/src/scripts/classic/c044_back_from_the_gy.rs	63
13	port	packages/cards/src/scripts/classic/045-nature-titan.ts	crates/cards/src/scripts/classic/c045_nature_titan.rs	58
13	port	packages/cards/src/scripts/classic/046-divine-favor.ts	crates/cards/src/scripts/classic/c046_divine_favor.rs	48
13	port	packages/cards/src/scripts/classic/047-recurring-felinor.ts	crates/cards/src/scripts/classic/c047_recurring_felinor.rs	39
13	port	packages/cards/src/scripts/classic/048-hired-shrimp.ts	crates/cards/src/scripts/classic/c048_hired_shrimp.rs	38
13	port	packages/cards/src/scripts/classic/049-anti-greed-machine.ts	crates/cards/src/scripts/classic/c049_anti_greed_machine.rs	33
13	port	packages/cards/src/scripts/classic/050-voidwalker.ts	crates/cards/src/scripts/classic/c050_voidwalker.rs	32
13	port	packages/cards/src/scripts/classic/051-back-breaker.ts	crates/cards/src/scripts/classic/c051_back_breaker.rs	34
13	port	packages/cards/src/scripts/classic/052-final-gambit.ts	crates/cards/src/scripts/classic/c052_final_gambit.rs	43
13	port	packages/cards/src/scripts/classic/053-plague-crawler.ts	crates/cards/src/scripts/classic/c053_plague_crawler.rs	67
13	port	packages/cards/src/scripts/classic/054-rewind.ts	crates/cards/src/scripts/classic/c054_rewind.rs	28
13	port	packages/cards/src/scripts/classic/055-book-of-wildfire.ts	crates/cards/src/scripts/classic/c055_book_of_wildfire.rs	42
13	port	packages/cards/src/scripts/classic/056-spell-tyrant.ts	crates/cards/src/scripts/classic/c056_spell_tyrant.rs	41
13	port	packages/cards/src/scripts/classic/057-echo.ts	crates/cards/src/scripts/classic/c057_echo.rs	49
13	port	packages/cards/src/scripts/classic/058-common-resources.ts	crates/cards/src/scripts/classic/c058_common_resources.rs	39
13	port	packages/cards/src/scripts/classic/059-plague-doctor.ts	crates/cards/src/scripts/classic/c059_plague_doctor.rs	91
13	port	packages/cards/src/scripts/classic/060-pile-on.ts	crates/cards/src/scripts/classic/c060_pile_on.rs	24
13	port	packages/cards/src/scripts/classic/061-plague-bringer-goliath.ts	crates/cards/src/scripts/classic/c061_plague_bringer_goliath.rs	41
13	port	packages/cards/src/scripts/classic/062-living-bomb.ts	crates/cards/src/scripts/classic/c062_living_bomb.rs	45
13	port	packages/cards/src/scripts/classic/063-crop-dusting.ts	crates/cards/src/scripts/classic/c063_crop_dusting.rs	51
13	port	packages/cards/src/scripts/classic/064-malzahars-recycler.ts	crates/cards/src/scripts/classic/c064_malzahars_recycler.rs	66
13	port	packages/cards/src/scripts/classic/065-ace-in-the-hole.ts	crates/cards/src/scripts/classic/c065_ace_in_the_hole.rs	51
13	port	packages/cards/src/scripts/classic/066-eu-striker.ts	crates/cards/src/scripts/classic/c066_eu_striker.rs	73
13	port	packages/cards/src/scripts/classic/067-felinor-feeler.ts	crates/cards/src/scripts/classic/c067_felinor_feeler.rs	35
13	port	packages/cards/src/scripts/classic/068-small-card-lobbyist.ts	crates/cards/src/scripts/classic/c068_small_card_lobbyist.rs	37
13	port-inline	packages/cards/test/classic/033-joro.test.ts	crates/cards/src/scripts/classic/c033_joro.rs	316
13	port-inline	packages/cards/test/classic/034-ancient-acquisition.test.ts	crates/cards/src/scripts/classic/c034_ancient_acquisition.rs	246
13	port-inline	packages/cards/test/classic/035-prep.test.ts	crates/cards/src/scripts/classic/c035_prep.rs	164
13	port-inline	packages/cards/test/classic/036-burn.test.ts	crates/cards/src/scripts/classic/c036_burn.rs	137
13	port-inline	packages/cards/test/classic/037-last-hurrah.test.ts	crates/cards/src/scripts/classic/c037_last_hurrah.rs	202
13	port-inline	packages/cards/test/classic/038-jackiestan-auctioneer.test.ts	crates/cards/src/scripts/classic/c038_jackiestan_auctioneer.rs	270
13	port-inline	packages/cards/test/classic/039-outbreak.test.ts	crates/cards/src/scripts/classic/c039_outbreak.rs	253
13	port-inline	packages/cards/test/classic/040-mc-tech.test.ts	crates/cards/src/scripts/classic/c040_mc_tech.rs	261
13	port-inline	packages/cards/test/classic/041-state-of-the-game.test.ts	crates/cards/src/scripts/classic/c041_state_of_the_game.rs	214
13	port-inline	packages/cards/test/classic/042-transmutable-toxins.test.ts	crates/cards/src/scripts/classic/c042_transmutable_toxins.rs	191
13	port-inline	packages/cards/test/classic/043-plague-nuke.test.ts	crates/cards/src/scripts/classic/c043_plague_nuke.rs	250
13	port-inline	packages/cards/test/classic/044-back-from-the-gy.test.ts	crates/cards/src/scripts/classic/c044_back_from_the_gy.rs	257
13	port-inline	packages/cards/test/classic/045-nature-titan.test.ts	crates/cards/src/scripts/classic/c045_nature_titan.rs	226
13	port-inline	packages/cards/test/classic/046-divine-favor.test.ts	crates/cards/src/scripts/classic/c046_divine_favor.rs	156
13	port-inline	packages/cards/test/classic/047-recurring-felinor.test.ts	crates/cards/src/scripts/classic/c047_recurring_felinor.rs	221
13	port-inline	packages/cards/test/classic/048-hired-shrimp.test.ts	crates/cards/src/scripts/classic/c048_hired_shrimp.rs	283
13	port-inline	packages/cards/test/classic/049-anti-greed-machine.test.ts	crates/cards/src/scripts/classic/c049_anti_greed_machine.rs	246
13	port-inline	packages/cards/test/classic/050-voidwalker.test.ts	crates/cards/src/scripts/classic/c050_voidwalker.rs	287
13	port-inline	packages/cards/test/classic/051-back-breaker.test.ts	crates/cards/src/scripts/classic/c051_back_breaker.rs	162
13	port-inline	packages/cards/test/classic/052-final-gambit.test.ts	crates/cards/src/scripts/classic/c052_final_gambit.rs	439
13	port-inline	packages/cards/test/classic/053-plague-crawler.test.ts	crates/cards/src/scripts/classic/c053_plague_crawler.rs	328
13	port-inline	packages/cards/test/classic/054-rewind.test.ts	crates/cards/src/scripts/classic/c054_rewind.rs	257
13	port-inline	packages/cards/test/classic/055-book-of-wildfire.test.ts	crates/cards/src/scripts/classic/c055_book_of_wildfire.rs	391
13	port-inline	packages/cards/test/classic/056-spell-tyrant.test.ts	crates/cards/src/scripts/classic/c056_spell_tyrant.rs	245
13	port-inline	packages/cards/test/classic/057-echo.test.ts	crates/cards/src/scripts/classic/c057_echo.rs	298
13	port-inline	packages/cards/test/classic/058-common-resources.test.ts	crates/cards/src/scripts/classic/c058_common_resources.rs	226
13	port-inline	packages/cards/test/classic/059-plague-doctor.test.ts	crates/cards/src/scripts/classic/c059_plague_doctor.rs	195
13	port-inline	packages/cards/test/classic/060-pile-on.test.ts	crates/cards/src/scripts/classic/c060_pile_on.rs	239
13	port-inline	packages/cards/test/classic/061-plague-bringer-goliath.test.ts	crates/cards/src/scripts/classic/c061_plague_bringer_goliath.rs	291
13	port-inline	packages/cards/test/classic/062-living-bomb.test.ts	crates/cards/src/scripts/classic/c062_living_bomb.rs	281
13	port-inline	packages/cards/test/classic/063-crop-dusting.test.ts	crates/cards/src/scripts/classic/c063_crop_dusting.rs	266
13	port-inline	packages/cards/test/classic/064-malzahars-recycler.test.ts	crates/cards/src/scripts/classic/c064_malzahars_recycler.rs	308
13	port-inline	packages/cards/test/classic/065-ace-in-the-hole.test.ts	crates/cards/src/scripts/classic/c065_ace_in_the_hole.rs	260
13	port-inline	packages/cards/test/classic/066-eu-striker.test.ts	crates/cards/src/scripts/classic/c066_eu_striker.rs	217
13	port-inline	packages/cards/test/classic/067-felinor-feeler.test.ts	crates/cards/src/scripts/classic/c067_felinor_feeler.rs	102
13	port-inline	packages/cards/test/classic/068-small-card-lobbyist.test.ts	crates/cards/src/scripts/classic/c068_small_card_lobbyist.rs	240
14	port	packages/cards/src/scripts/classic-plus/001-doom-shroom.ts	crates/cards/src/scripts/classic_plus/c001_doom_shroom.rs	27
14	port	packages/cards/src/scripts/classic-plus/002-groom-shroom.ts	crates/cards/src/scripts/classic_plus/c002_groom_shroom.rs	49
14	port	packages/cards/src/scripts/classic-plus/003-second-amendment-snake.ts	crates/cards/src/scripts/classic_plus/c003_second_amendment_snake.rs	30
14	port	packages/cards/src/scripts/classic-plus/004-juhan-biggest-bat.ts	crates/cards/src/scripts/classic_plus/c004_juhan_biggest_bat.rs	15
14	port	packages/cards/src/scripts/classic-plus/005-guy-att.ts	crates/cards/src/scripts/classic_plus/c005_guy_att.rs	15
14	port	packages/cards/src/scripts/classic-plus/006-wrong-house-attacker.ts	crates/cards/src/scripts/classic_plus/c006_wrong_house_attacker.rs	13
14	port	packages/cards/src/scripts/classic-plus/007-the-house.ts	crates/cards/src/scripts/classic_plus/c007_the_house.rs	27
14	port	packages/cards/src/scripts/classic-plus/008-withering-storm.ts	crates/cards/src/scripts/classic_plus/c008_withering_storm.rs	37
14	port	packages/cards/src/scripts/classic-plus/009-silence.ts	crates/cards/src/scripts/classic_plus/c009_silence.rs	18
14	port	packages/cards/src/scripts/classic-plus/010-new-wraps.ts	crates/cards/src/scripts/classic_plus/c010_new_wraps.rs	21
14	port	packages/cards/src/scripts/classic-plus/011-anime-armor.ts	crates/cards/src/scripts/classic_plus/c011_anime_armor.rs	14
14	port	packages/cards/src/scripts/classic-plus/012-1-devour.ts	crates/cards/src/scripts/classic_plus/c012_1_devour.rs	35
14	port	packages/cards/src/scripts/classic-plus/012-2-death-boil.ts	crates/cards/src/scripts/classic_plus/c012_2_death_boil.rs	34
14	port	packages/cards/src/scripts/classic-plus/012-3-fluffy-grip.ts	crates/cards/src/scripts/classic_plus/c012_3_fluffy_grip.rs	19
14	port	packages/cards/src/scripts/classic-plus/012-4-powder-spray.ts	crates/cards/src/scripts/classic_plus/c012_4_powder_spray.rs	17
14	port	packages/cards/src/scripts/classic-plus/012-5-anti-waffle-shell.ts	crates/cards/src/scripts/classic_plus/c012_5_anti_waffle_shell.rs	28
14	port	packages/cards/src/scripts/classic-plus/012-6-frozen-wastes.ts	crates/cards/src/scripts/classic_plus/c012_6_frozen_wastes.rs	46
14	port	packages/cards/src/scripts/classic-plus/012-7-legion-of-the-hungry.ts	crates/cards/src/scripts/classic_plus/c012_7_legion_of_the_hungry.rs	32
14	port	packages/cards/src/scripts/classic-plus/012-8-frostspatula.ts	crates/cards/src/scripts/classic_plus/c012_8_frostspatula.rs	60
14	port	packages/cards/src/scripts/classic-plus/012-the-mother-pancake.ts	crates/cards/src/scripts/classic_plus/c012_the_mother_pancake.rs	20
14	port	packages/cards/src/scripts/classic-plus/013-mommy-barker.ts	crates/cards/src/scripts/classic_plus/c013_mommy_barker.rs	18
14	port	packages/cards/src/scripts/classic-plus/014-forever.ts	crates/cards/src/scripts/classic_plus/c014_forever.rs	24
14	port	packages/cards/src/scripts/classic-plus/015-conjure-rush-token.ts	crates/cards/src/scripts/classic_plus/c015_conjure_rush_token.rs	25
14	port	packages/cards/src/scripts/classic-plus/016-conjure-rush-token.ts	crates/cards/src/scripts/classic_plus/c016_conjure_rush_token.rs	25
14	port	packages/cards/src/scripts/classic-plus/017-conjure-rush-token.ts	crates/cards/src/scripts/classic_plus/c017_conjure_rush_token.rs	25
14	port	packages/cards/src/scripts/classic-plus/018-gullible-treatler.ts	crates/cards/src/scripts/classic_plus/c018_gullible_treatler.rs	37
14	port	packages/cards/src/scripts/classic/069-plague-charger.ts	crates/cards/src/scripts/classic/c069_plague_charger.rs	52
14	port	packages/cards/src/scripts/classic/070-book-of-plague.ts	crates/cards/src/scripts/classic/c070_book_of_plague.rs	21
14	port	packages/cards/src/scripts/classic/071-lane-eater.ts	crates/cards/src/scripts/classic/c071_lane_eater.rs	54
14	port	packages/cards/src/scripts/classic/072-grand-counterspell.ts	crates/cards/src/scripts/classic/c072_grand_counterspell.rs	54
14	port	packages/cards/src/scripts/classic/073-nurse-cleaver.ts	crates/cards/src/scripts/classic/c073_nurse_cleaver.rs	22
14	port	packages/cards/src/scripts/classic/074-corpse-plantation.ts	crates/cards/src/scripts/classic/c074_corpse_plantation.rs	36
14	port	packages/cards/src/scripts/classic/075-argusland.ts	crates/cards/src/scripts/classic/c075_argusland.rs	20
14	port	packages/cards/src/scripts/classic/076-plague-bringer.ts	crates/cards/src/scripts/classic/c076_plague_bringer.rs	24
14	port	packages/cards/src/scripts/classic/077-anti-magic-monkey.ts	crates/cards/src/scripts/classic/c077_anti_magic_monkey.rs	27
14	port	packages/cards/src/scripts/classic/078-mutate-spell.ts	crates/cards/src/scripts/classic/c078_mutate_spell.rs	50
14	port	packages/cards/src/scripts/classic/079-risky-die.ts	crates/cards/src/scripts/classic/c079_risky_die.rs	60
14	port	packages/cards/src/scripts/classic/080-boom-big-max.ts	crates/cards/src/scripts/classic/c080_boom_big_max.rs	30
14	port	packages/cards/src/scripts/classic/081-the-power-to-thrive.ts	crates/cards/src/scripts/classic/c081_the_power_to_thrive.rs	36
14	port	packages/cards/src/scripts/classic/082-sheeople.ts	crates/cards/src/scripts/classic/c082_sheeople.rs	25
14	port	packages/cards/src/scripts/classic/083-flame-lance.ts	crates/cards/src/scripts/classic/c083_flame_lance.rs	33
14	port	packages/cards/src/scripts/classic/084-lockdown.ts	crates/cards/src/scripts/classic/c084_lockdown.rs	55
14	port	packages/cards/src/scripts/classic/085-king-wagtoggle.ts	crates/cards/src/scripts/classic/c085_king_wagtoggle.rs	30
14	port	packages/cards/src/scripts/classic/086-genn.ts	crates/cards/src/scripts/classic/c086_genn.rs	19
14	port	packages/cards/src/scripts/classic/087-plague-chalice.ts	crates/cards/src/scripts/classic/c087_plague_chalice.rs	57
14	port	packages/cards/src/scripts/classic/088-siphon-squad.ts	crates/cards/src/scripts/classic/c088_siphon_squad.rs	50
14	port	packages/cards/src/scripts/classic/089-paul-allens-ghost.ts	crates/cards/src/scripts/classic/c089_paul_allens_ghost.rs	34
14	port	packages/cards/src/scripts/classic/090-in-too-deep.ts	crates/cards/src/scripts/classic/c090_in_too_deep.rs	255
14	port	packages/cards/src/scripts/classic/t-glitch-glitch.ts	crates/cards/src/scripts/classic/t_glitch_glitch.rs	22
14	port-inline	packages/cards/test/classic-plus/001-doom-shroom.test.ts	crates/cards/src/scripts/classic_plus/c001_doom_shroom.rs	160
14	port-inline	packages/cards/test/classic-plus/002-groom-shroom.test.ts	crates/cards/src/scripts/classic_plus/c002_groom_shroom.rs	169
14	port-inline	packages/cards/test/classic-plus/003-second-amendment-snake.test.ts	crates/cards/src/scripts/classic_plus/c003_second_amendment_snake.rs	221
14	port-inline	packages/cards/test/classic-plus/004-juhan-biggest-bat.test.ts	crates/cards/src/scripts/classic_plus/c004_juhan_biggest_bat.rs	140
14	port-inline	packages/cards/test/classic-plus/005-guy-att.test.ts	crates/cards/src/scripts/classic_plus/c005_guy_att.rs	190
14	port-inline	packages/cards/test/classic-plus/006-wrong-house-attacker.test.ts	crates/cards/src/scripts/classic_plus/c006_wrong_house_attacker.rs	91
14	port-inline	packages/cards/test/classic-plus/007-the-house.test.ts	crates/cards/src/scripts/classic_plus/c007_the_house.rs	160
14	port-inline	packages/cards/test/classic-plus/008-withering-storm.test.ts	crates/cards/src/scripts/classic_plus/c008_withering_storm.rs	206
14	port-inline	packages/cards/test/classic-plus/009-silence.test.ts	crates/cards/src/scripts/classic_plus/c009_silence.rs	184
14	port-inline	packages/cards/test/classic-plus/010-new-wraps.test.ts	crates/cards/src/scripts/classic_plus/c010_new_wraps.rs	167
14	port-inline	packages/cards/test/classic-plus/011-anime-armor.test.ts	crates/cards/src/scripts/classic_plus/c011_anime_armor.rs	211
14	port-inline	packages/cards/test/classic-plus/012-1-devour.test.ts	crates/cards/src/scripts/classic_plus/c012_1_devour.rs	104
14	port-inline	packages/cards/test/classic-plus/012-2-death-boil.test.ts	crates/cards/src/scripts/classic_plus/c012_2_death_boil.rs	75
14	port-inline	packages/cards/test/classic-plus/012-3-fluffy-grip.test.ts	crates/cards/src/scripts/classic_plus/c012_3_fluffy_grip.rs	110
14	port-inline	packages/cards/test/classic-plus/012-4-powder-spray.test.ts	crates/cards/src/scripts/classic_plus/c012_4_powder_spray.rs	71
14	port-inline	packages/cards/test/classic-plus/012-5-anti-waffle-shell.test.ts	crates/cards/src/scripts/classic_plus/c012_5_anti_waffle_shell.rs	71
14	port-inline	packages/cards/test/classic-plus/012-6-frozen-wastes.test.ts	crates/cards/src/scripts/classic_plus/c012_6_frozen_wastes.rs	126
14	port-inline	packages/cards/test/classic-plus/012-7-legion-of-the-hungry.test.ts	crates/cards/src/scripts/classic_plus/c012_7_legion_of_the_hungry.rs	105
14	port-inline	packages/cards/test/classic-plus/012-8-frostspatula.test.ts	crates/cards/src/scripts/classic_plus/c012_8_frostspatula.rs	228
14	port-inline	packages/cards/test/classic-plus/012-the-mother-pancake.test.ts	crates/cards/src/scripts/classic_plus/c012_the_mother_pancake.rs	96
14	port-inline	packages/cards/test/classic-plus/013-mommy-barker.test.ts	crates/cards/src/scripts/classic_plus/c013_mommy_barker.rs	89
14	port-inline	packages/cards/test/classic-plus/014-forever.test.ts	crates/cards/src/scripts/classic_plus/c014_forever.rs	176
14	port-inline	packages/cards/test/classic-plus/015-conjure-rush-token.test.ts	crates/cards/src/scripts/classic_plus/c015_conjure_rush_token.rs	169
14	port-inline	packages/cards/test/classic-plus/016-conjure-rush-token.test.ts	crates/cards/src/scripts/classic_plus/c016_conjure_rush_token.rs	102
14	port-inline	packages/cards/test/classic-plus/017-conjure-rush-token.test.ts	crates/cards/src/scripts/classic_plus/c017_conjure_rush_token.rs	110
14	port-inline	packages/cards/test/classic-plus/018-gullible-treatler.test.ts	crates/cards/src/scripts/classic_plus/c018_gullible_treatler.rs	200
14	port-inline	packages/cards/test/classic/069-plague-charger.test.ts	crates/cards/src/scripts/classic/c069_plague_charger.rs	173
14	port-inline	packages/cards/test/classic/070-book-of-plague.test.ts	crates/cards/src/scripts/classic/c070_book_of_plague.rs	237
14	port-inline	packages/cards/test/classic/071-lane-eater.test.ts	crates/cards/src/scripts/classic/c071_lane_eater.rs	175
14	port-inline	packages/cards/test/classic/072-grand-counterspell.test.ts	crates/cards/src/scripts/classic/c072_grand_counterspell.rs	222
14	port-inline	packages/cards/test/classic/073-nurse-cleaver.test.ts	crates/cards/src/scripts/classic/c073_nurse_cleaver.rs	63
14	port-inline	packages/cards/test/classic/074-corpse-plantation.test.ts	crates/cards/src/scripts/classic/c074_corpse_plantation.rs	269
14	port-inline	packages/cards/test/classic/075-argusland.test.ts	crates/cards/src/scripts/classic/c075_argusland.rs	271
14	port-inline	packages/cards/test/classic/076-plague-bringer.test.ts	crates/cards/src/scripts/classic/c076_plague_bringer.rs	217
14	port-inline	packages/cards/test/classic/077-anti-magic-monkey.test.ts	crates/cards/src/scripts/classic/c077_anti_magic_monkey.rs	179
14	port-inline	packages/cards/test/classic/078-mutate-spell.test.ts	crates/cards/src/scripts/classic/c078_mutate_spell.rs	430
14	port-inline	packages/cards/test/classic/079-risky-die.test.ts	crates/cards/src/scripts/classic/c079_risky_die.rs	179
14	port-inline	packages/cards/test/classic/080-boom-big-max.test.ts	crates/cards/src/scripts/classic/c080_boom_big_max.rs	107
14	port-inline	packages/cards/test/classic/081-the-power-to-thrive.test.ts	crates/cards/src/scripts/classic/c081_the_power_to_thrive.rs	175
14	port-inline	packages/cards/test/classic/082-sheeople.test.ts	crates/cards/src/scripts/classic/c082_sheeople.rs	221
14	port-inline	packages/cards/test/classic/083-flame-lance.test.ts	crates/cards/src/scripts/classic/c083_flame_lance.rs	121
14	port-inline	packages/cards/test/classic/084-lockdown.test.ts	crates/cards/src/scripts/classic/c084_lockdown.rs	184
14	port-inline	packages/cards/test/classic/085-king-wagtoggle.test.ts	crates/cards/src/scripts/classic/c085_king_wagtoggle.rs	106
14	port-inline	packages/cards/test/classic/086-genn.test.ts	crates/cards/src/scripts/classic/c086_genn.rs	43
14	port-inline	packages/cards/test/classic/087-plague-chalice.test.ts	crates/cards/src/scripts/classic/c087_plague_chalice.rs	350
14	port-inline	packages/cards/test/classic/088-siphon-squad.test.ts	crates/cards/src/scripts/classic/c088_siphon_squad.rs	210
14	port-inline	packages/cards/test/classic/089-paul-allens-ghost.test.ts	crates/cards/src/scripts/classic/c089_paul_allens_ghost.rs	269
14	port-inline	packages/cards/test/classic/090-in-too-deep.test.ts	crates/cards/src/scripts/classic/c090_in_too_deep.rs	782
14	port-inline	packages/cards/test/classic/t-glitch-glitch.test.ts	crates/cards/src/scripts/classic/t_glitch_glitch.rs	104
15	port	packages/cards/src/kyTestBank.ts	crates/cards/src/ky_test_bank.rs	108
15	port	packages/cards/src/scripts/classic-plus/019-1-top-loser.ts	crates/cards/src/scripts/classic_plus/c019_1_top_loser.rs	14
15	port	packages/cards/src/scripts/classic-plus/019-2-jungle-loser.ts	crates/cards/src/scripts/classic_plus/c019_2_jungle_loser.rs	56
15	port	packages/cards/src/scripts/classic-plus/019-3-mid-loser.ts	crates/cards/src/scripts/classic_plus/c019_3_mid_loser.rs	33
15	port	packages/cards/src/scripts/classic-plus/019-4-support-loser.ts	crates/cards/src/scripts/classic_plus/c019_4_support_loser.rs	24
15	port	packages/cards/src/scripts/classic-plus/019-5-bot-loser.ts	crates/cards/src/scripts/classic_plus/c019_5_bot_loser.rs	38
15	port	packages/cards/src/scripts/classic-plus/019-league-of-losers.ts	crates/cards/src/scripts/classic_plus/c019_league_of_losers.rs	49
15	port	packages/cards/src/scripts/classic-plus/020-mushroom-power.ts	crates/cards/src/scripts/classic_plus/c020_mushroom_power.rs	22
15	port	packages/cards/src/scripts/classic-plus/021-whirlwind.ts	crates/cards/src/scripts/classic_plus/c021_whirlwind.rs	17
15	port	packages/cards/src/scripts/classic-plus/022-blood-moon.ts	crates/cards/src/scripts/classic_plus/c022_blood_moon.rs	16
15	port	packages/cards/src/scripts/classic-plus/023-dropshipping.ts	crates/cards/src/scripts/classic_plus/c023_dropshipping.rs	38
15	port	packages/cards/src/scripts/classic-plus/024-crushing-walls.ts	crates/cards/src/scripts/classic_plus/c024_crushing_walls.rs	28
15	port	packages/cards/src/scripts/classic-plus/025-soul-shot.ts	crates/cards/src/scripts/classic_plus/c025_soul_shot.rs	52
15	port	packages/cards/src/scripts/classic-plus/026-tommy-tempo.ts	crates/cards/src/scripts/classic_plus/c026_tommy_tempo.rs	22
15	port	packages/cards/src/scripts/classic-plus/027-zephrys-zealotism.ts	crates/cards/src/scripts/classic_plus/c027_zephrys_zealotism.rs	38
15	port	packages/cards/src/scripts/classic-plus/028-nuestro-hogar-nuestras-tumbas.ts	crates/cards/src/scripts/classic_plus/c028_nuestro_hogar_nuestras_tumbas.rs	24
15	port	packages/cards/src/scripts/classic-plus/029-portal-to-the-past.ts	crates/cards/src/scripts/classic_plus/c029_portal_to_the_past.rs	23
15	port	packages/cards/src/scripts/classic-plus/030-felinor-fuser.ts	crates/cards/src/scripts/classic_plus/c030_felinor_fuser.rs	71
15	port	packages/cards/src/scripts/classic-plus/031-fusion-lab.ts	crates/cards/src/scripts/classic_plus/c031_fusion_lab.rs	54
15	port	packages/cards/src/scripts/classic-plus/032-1-execute.ts	crates/cards/src/scripts/classic_plus/c032_1_execute.rs	38
15	port	packages/cards/src/scripts/classic-plus/032-2-brawl.ts	crates/cards/src/scripts/classic_plus/c032_2_brawl.rs	56
15	port	packages/cards/src/scripts/classic-plus/032-3-blade-storm.ts	crates/cards/src/scripts/classic_plus/c032_3_blade_storm.rs	34
15	port	packages/cards/src/scripts/classic-plus/032-otherworldly-removal.ts	crates/cards/src/scripts/classic_plus/c032_otherworldly_removal.rs	27
15	port	packages/cards/src/scripts/classic-plus/033-ivory-tower.ts	crates/cards/src/scripts/classic_plus/c033_ivory_tower.rs	66
15	port	packages/cards/src/scripts/classic-plus/034-memory-leak.ts	crates/cards/src/scripts/classic_plus/c034_memory_leak.rs	52
15	port	packages/cards/src/scripts/classic-plus/035-rollback.ts	crates/cards/src/scripts/classic_plus/c035_rollback.rs	29
15	port	packages/cards/src/scripts/classic-plus/036-1-bone-storm.ts	crates/cards/src/scripts/classic_plus/c036_1_bone_storm.rs	19
15	port	packages/cards/src/scripts/classic-plus/036-conjure-bones.ts	crates/cards/src/scripts/classic_plus/c036_conjure_bones.rs	30
15	port	packages/cards/src/scripts/classic-plus/037-wardrum.ts	crates/cards/src/scripts/classic_plus/c037_wardrum.rs	98
15	port	packages/cards/src/scripts/classic-plus/038-1-solarius-prime.ts	crates/cards/src/scripts/classic_plus/c038_1_solarius_prime.rs	26
15	port	packages/cards/src/scripts/classic-plus/038-solarius.ts	crates/cards/src/scripts/classic_plus/c038_solarius.rs	23
15	port	packages/cards/src/scripts/classic-plus/039-book-worm.ts	crates/cards/src/scripts/classic_plus/c039_book_worm.rs	41
15	port	packages/cards/src/scripts/classic-plus/040-appropriations.ts	crates/cards/src/scripts/classic_plus/c040_appropriations.rs	65
15	port	packages/cards/src/scripts/classic-plus/041-kys-constant.ts	crates/cards/src/scripts/classic_plus/c041_kys_constant.rs	46
15	port	packages/cards/src/scripts/classic-plus/042-1-kys-gift.ts	crates/cards/src/scripts/classic_plus/c042_1_kys_gift.rs	32
15	port	packages/cards/src/scripts/classic-plus/042-kys-test.ts	crates/cards/src/scripts/classic_plus/c042_kys_test.rs	18
15	port	packages/cards/src/scripts/classic-plus/043-ai-slop.ts	crates/cards/src/scripts/classic_plus/c043_ai_slop.rs	29
15	port	packages/cards/src/scripts/classic-plus/044-simplicity-audit.ts	crates/cards/src/scripts/classic_plus/c044_simplicity_audit.rs	50
15	port	packages/cards/src/scripts/classic-plus/045-complexity-audit.ts	crates/cards/src/scripts/classic_plus/c045_complexity_audit.rs	50
15	port	packages/cards/src/scripts/classic-plus/046-1-felinor-flagbearer-prime.ts	crates/cards/src/scripts/classic_plus/c046_1_felinor_flagbearer_prime.rs	40
15	port	packages/cards/src/scripts/classic-plus/046-felinor-flagbearer.ts	crates/cards/src/scripts/classic_plus/c046_felinor_flagbearer.rs	49
15	port	packages/cards/src/scripts/classic-plus/047-joggs-box.ts	crates/cards/src/scripts/classic_plus/c047_joggs_box.rs	27
15	port	packages/cards/src/scripts/classic-plus/048-jlockheeds-lobbyist.ts	crates/cards/src/scripts/classic_plus/c048_jlockheeds_lobbyist.rs	27
15	port	packages/cards/src/scripts/classic-plus/049-jay-fungus.ts	crates/cards/src/scripts/classic_plus/c049_jay_fungus.rs	22
15	port-inline	packages/cards/test/classic-plus/019-1-top-loser.test.ts	crates/cards/src/scripts/classic_plus/c019_1_top_loser.rs	219
15	port-inline	packages/cards/test/classic-plus/019-2-jungle-loser.test.ts	crates/cards/src/scripts/classic_plus/c019_2_jungle_loser.rs	221
15	port-inline	packages/cards/test/classic-plus/019-3-mid-loser.test.ts	crates/cards/src/scripts/classic_plus/c019_3_mid_loser.rs	191
15	port-inline	packages/cards/test/classic-plus/019-4-support-loser.test.ts	crates/cards/src/scripts/classic_plus/c019_4_support_loser.rs	146
15	port-inline	packages/cards/test/classic-plus/019-5-bot-loser.test.ts	crates/cards/src/scripts/classic_plus/c019_5_bot_loser.rs	206
15	port-inline	packages/cards/test/classic-plus/019-league-of-losers.test.ts	crates/cards/src/scripts/classic_plus/c019_league_of_losers.rs	178
15	port-inline	packages/cards/test/classic-plus/020-mushroom-power.test.ts	crates/cards/src/scripts/classic_plus/c020_mushroom_power.rs	122
15	port-inline	packages/cards/test/classic-plus/021-whirlwind.test.ts	crates/cards/src/scripts/classic_plus/c021_whirlwind.rs	176
15	port-inline	packages/cards/test/classic-plus/022-blood-moon.test.ts	crates/cards/src/scripts/classic_plus/c022_blood_moon.rs	251
15	port-inline	packages/cards/test/classic-plus/023-dropshipping.test.ts	crates/cards/src/scripts/classic_plus/c023_dropshipping.rs	221
15	port-inline	packages/cards/test/classic-plus/024-crushing-walls.test.ts	crates/cards/src/scripts/classic_plus/c024_crushing_walls.rs	163
15	port-inline	packages/cards/test/classic-plus/025-soul-shot.test.ts	crates/cards/src/scripts/classic_plus/c025_soul_shot.rs	167
15	port-inline	packages/cards/test/classic-plus/026-tommy-tempo.test.ts	crates/cards/src/scripts/classic_plus/c026_tommy_tempo.rs	248
15	port-inline	packages/cards/test/classic-plus/027-zephrys-zealotism.test.ts	crates/cards/src/scripts/classic_plus/c027_zephrys_zealotism.rs	194
15	port-inline	packages/cards/test/classic-plus/028-nuestro-hogar-nuestras-tumbas.test.ts	crates/cards/src/scripts/classic_plus/c028_nuestro_hogar_nuestras_tumbas.rs	138
15	port-inline	packages/cards/test/classic-plus/029-portal-to-the-past.test.ts	crates/cards/src/scripts/classic_plus/c029_portal_to_the_past.rs	282
15	port-inline	packages/cards/test/classic-plus/030-felinor-fuser.test.ts	crates/cards/src/scripts/classic_plus/c030_felinor_fuser.rs	186
15	port-inline	packages/cards/test/classic-plus/031-fusion-lab.test.ts	crates/cards/src/scripts/classic_plus/c031_fusion_lab.rs	206
15	port-inline	packages/cards/test/classic-plus/032-1-execute.test.ts	crates/cards/src/scripts/classic_plus/c032_1_execute.rs	101
15	port-inline	packages/cards/test/classic-plus/032-2-brawl.test.ts	crates/cards/src/scripts/classic_plus/c032_2_brawl.rs	153
15	port-inline	packages/cards/test/classic-plus/032-3-blade-storm.test.ts	crates/cards/src/scripts/classic_plus/c032_3_blade_storm.rs	179
15	port-inline	packages/cards/test/classic-plus/032-otherworldly-removal.test.ts	crates/cards/src/scripts/classic_plus/c032_otherworldly_removal.rs	77
15	port-inline	packages/cards/test/classic-plus/033-ivory-tower.test.ts	crates/cards/src/scripts/classic_plus/c033_ivory_tower.rs	186
15	port-inline	packages/cards/test/classic-plus/034-memory-leak.test.ts	crates/cards/src/scripts/classic_plus/c034_memory_leak.rs	209
15	port-inline	packages/cards/test/classic-plus/035-rollback.test.ts	crates/cards/src/scripts/classic_plus/c035_rollback.rs	715
15	port-inline	packages/cards/test/classic-plus/036-1-bone-storm.test.ts	crates/cards/src/scripts/classic_plus/c036_1_bone_storm.rs	133
15	port-inline	packages/cards/test/classic-plus/036-conjure-bones.test.ts	crates/cards/src/scripts/classic_plus/c036_conjure_bones.rs	125
15	port-inline	packages/cards/test/classic-plus/037-wardrum.test.ts	crates/cards/src/scripts/classic_plus/c037_wardrum.rs	388
15	port-inline	packages/cards/test/classic-plus/038-1-solarius-prime.test.ts	crates/cards/src/scripts/classic_plus/c038_1_solarius_prime.rs	254
15	port-inline	packages/cards/test/classic-plus/038-solarius.test.ts	crates/cards/src/scripts/classic_plus/c038_solarius.rs	220
15	port-inline	packages/cards/test/classic-plus/039-book-worm.test.ts	crates/cards/src/scripts/classic_plus/c039_book_worm.rs	189
15	port-inline	packages/cards/test/classic-plus/040-appropriations.test.ts	crates/cards/src/scripts/classic_plus/c040_appropriations.rs	284
15	port-inline	packages/cards/test/classic-plus/041-kys-constant.test.ts	crates/cards/src/scripts/classic_plus/c041_kys_constant.rs	200
15	port-inline	packages/cards/test/classic-plus/042-1-kys-gift.test.ts	crates/cards/src/scripts/classic_plus/c042_1_kys_gift.rs	192
15	port-inline	packages/cards/test/classic-plus/042-kys-test.test.ts	crates/cards/src/scripts/classic_plus/c042_kys_test.rs	363
15	port-inline	packages/cards/test/classic-plus/043-ai-slop.test.ts	crates/cards/src/scripts/classic_plus/c043_ai_slop.rs	152
15	port-inline	packages/cards/test/classic-plus/044-simplicity-audit.test.ts	crates/cards/src/scripts/classic_plus/c044_simplicity_audit.rs	180
15	port-inline	packages/cards/test/classic-plus/045-complexity-audit.test.ts	crates/cards/src/scripts/classic_plus/c045_complexity_audit.rs	144
15	port-inline	packages/cards/test/classic-plus/046-1-felinor-flagbearer-prime.test.ts	crates/cards/src/scripts/classic_plus/c046_1_felinor_flagbearer_prime.rs	145
15	port-inline	packages/cards/test/classic-plus/046-felinor-flagbearer.test.ts	crates/cards/src/scripts/classic_plus/c046_felinor_flagbearer.rs	177
15	port-inline	packages/cards/test/classic-plus/047-joggs-box.test.ts	crates/cards/src/scripts/classic_plus/c047_joggs_box.rs	366
15	port-inline	packages/cards/test/classic-plus/048-jlockheeds-lobbyist.test.ts	crates/cards/src/scripts/classic_plus/c048_jlockheeds_lobbyist.rs	147
15	port-inline	packages/cards/test/classic-plus/049-jay-fungus.test.ts	crates/cards/src/scripts/classic_plus/c049_jay_fungus.rs	147
16	port	packages/cards/src/scripts/classic-plus/050-adaptive-growth.ts	crates/cards/src/scripts/classic_plus/c050_adaptive_growth.rs	46
16	port	packages/cards/src/scripts/classic-plus/051-jlockheeds-j15-fighter.ts	crates/cards/src/scripts/classic_plus/c051_jlockheeds_j15_fighter.rs	20
16	port	packages/cards/src/scripts/classic-plus/052-jlockheeds-permanent-defense-contract.ts	crates/cards/src/scripts/classic_plus/c052_jlockheeds_permanent_defense_contract.rs	50
16	port	packages/cards/src/scripts/classic-plus/053-book-of-tokens.ts	crates/cards/src/scripts/classic_plus/c053_book_of_tokens.rs	44
16	port	packages/cards/src/scripts/classic-plus/054-book-of-books.ts	crates/cards/src/scripts/classic_plus/c054_book_of_books.rs	25
16	port	packages/cards/src/scripts/classic-plus/055-book-of-greed.ts	crates/cards/src/scripts/classic_plus/c055_book_of_greed.rs	22
16	port	packages/cards/src/scripts/classic-plus/056-book-of-pain.ts	crates/cards/src/scripts/classic_plus/c056_book_of_pain.rs	21
16	port	packages/cards/src/scripts/classic-plus/057-book-of-stats.ts	crates/cards/src/scripts/classic_plus/c057_book_of_stats.rs	26
16	port	packages/cards/src/scripts/classic-plus/058-fruit-basket.ts	crates/cards/src/scripts/classic_plus/c058_fruit_basket.rs	22
16	port	packages/cards/src/scripts/classic-plus/059-all-purpose-apple.ts	crates/cards/src/scripts/classic_plus/c059_all_purpose_apple.rs	35
16	port	packages/cards/src/scripts/classic-plus/060-doctors-orders.ts	crates/cards/src/scripts/classic_plus/c060_doctors_orders.rs	28
16	port	packages/cards/src/scripts/classic-plus/061-bauble-bubble.ts	crates/cards/src/scripts/classic_plus/c061_bauble_bubble.rs	29
16	port	packages/cards/src/scripts/classic-plus/062-kys-papaya.ts	crates/cards/src/scripts/classic_plus/c062_kys_papaya.rs	23
16	port	packages/cards/src/scripts/classic-plus/063-fruit-tree.ts	crates/cards/src/scripts/classic_plus/c063_fruit_tree.rs	39
16	port	packages/cards/src/scripts/classic-plus/064-mulch-muncher.ts	crates/cards/src/scripts/classic_plus/c064_mulch_muncher.rs	29
16	port	packages/cards/src/scripts/classic-plus/065-1-rotten-grape.ts	crates/cards/src/scripts/classic_plus/c065_1_rotten_grape.rs	25
16	port	packages/cards/src/scripts/classic-plus/065-2-normal-grape.ts	crates/cards/src/scripts/classic_plus/c065_2_normal_grape.rs	42
16	port	packages/cards/src/scripts/classic-plus/065-3-large-grape.ts	crates/cards/src/scripts/classic_plus/c065_3_large_grape.rs	33
16	port	packages/cards/src/scripts/classic-plus/065-4-golden-grape.ts	crates/cards/src/scripts/classic_plus/c065_4_golden_grape.rs	56
16	port	packages/cards/src/scripts/classic-plus/065-5-mythic-grape.ts	crates/cards/src/scripts/classic_plus/c065_5_mythic_grape.rs	35
16	port	packages/cards/src/scripts/classic-plus/065-two-grapes.ts	crates/cards/src/scripts/classic_plus/c065_two_grapes.rs	30
16	port	packages/cards/src/scripts/classic-plus/066-vine-of-grapes.ts	crates/cards/src/scripts/classic_plus/c066_vine_of_grapes.rs	26
16	port	packages/cards/src/scripts/classic-plus/067-pear.ts	crates/cards/src/scripts/classic_plus/c067_pear.rs	36
16	port	packages/cards/src/scripts/classic-plus/068-organic-produce.ts	crates/cards/src/scripts/classic_plus/c068_organic_produce.rs	29
16	port	packages/cards/src/scripts/classic-plus/069-buff-billy.ts	crates/cards/src/scripts/classic_plus/c069_buff_billy.rs	25
16	port	packages/cards/src/scripts/classic-plus/070-chaos-machine.ts	crates/cards/src/scripts/classic_plus/c070_chaos_machine.rs	28
16	port	packages/cards/src/scripts/classic-plus/071-book-of-buff.ts	crates/cards/src/scripts/classic_plus/c071_book_of_buff.rs	20
16	port	packages/cards/src/scripts/classic-plus/072-book-of-nerf.ts	crates/cards/src/scripts/classic_plus/c072_book_of_nerf.rs	25
16	port	packages/cards/src/scripts/classic-plus/073-1-classic-golem.ts	crates/cards/src/scripts/classic_plus/c073_1_classic_golem.rs	59
16	port	packages/cards/src/scripts/classic-plus/073-call-to-chaos-classic-edition.ts	crates/cards/src/scripts/classic_plus/c073_call_to_chaos_classic_edition.rs	26
16	port	packages/cards/src/scripts/classic-plus/074-twice-forward-one-step-backwards.ts	crates/cards/src/scripts/classic_plus/c074_twice_forward_one_step_backwards.rs	42
16	port	packages/cards/src/scripts/classic-plus/075-1-j-lease-j-jungle-ex-plorer-pack.ts	crates/cards/src/scripts/classic_plus/c075_1_j_lease_j_jungle_ex_plorer_pack.rs	40
16	port	packages/cards/src/scripts/classic-plus/075-j-lease-j-jungle-ex-plorer.ts	crates/cards/src/scripts/classic_plus/c075_j_lease_j_jungle_ex_plorer.rs	30
16	port	packages/cards/src/scripts/classic-plus/076-1-brother-ping.ts	crates/cards/src/scripts/classic_plus/c076_1_brother_ping.rs	43
16	port	packages/cards/src/scripts/classic-plus/076-brother-lar.ts	crates/cards/src/scripts/classic_plus/c076_brother_lar.rs	23
16	port	packages/cards/src/scripts/classic-plus/077-anti-softlock.ts	crates/cards/src/scripts/classic_plus/c077_anti_softlock.rs	39
16	port	packages/cards/src/scripts/classic-plus/078-claudes-datacenter.ts	crates/cards/src/scripts/classic_plus/c078_claudes_datacenter.rs	36
16	port	packages/cards/src/scripts/classic-plus/t-ai-01-helpful-assistant.ts	crates/cards/src/scripts/classic_plus/t_ai_01_helpful_assistant.rs	28
16	port	packages/cards/src/scripts/classic-plus/t-ai-02-scaling-law.ts	crates/cards/src/scripts/classic_plus/t_ai_02_scaling_law.rs	27
16	port	packages/cards/src/scripts/classic-plus/t-ai-03-hallucination.ts	crates/cards/src/scripts/classic_plus/t_ai_03_hallucination.rs	27
16	port	packages/cards/src/scripts/classic-plus/t-ai-04-chain-of-thought.ts	crates/cards/src/scripts/classic_plus/t_ai_04_chain_of_thought.rs	26
16	port	packages/cards/src/scripts/classic-plus/t-ai-05-autocomplete.ts	crates/cards/src/scripts/classic_plus/t_ai_05_autocomplete.rs	34
16	port	packages/cards/src/scripts/classic-plus/t-ai-06-datacenter-fire.ts	crates/cards/src/scripts/classic_plus/t_ai_06_datacenter_fire.rs	42
16	port	packages/cards/src/scripts/classic-plus/t-ai-07-alignment-tax.ts	crates/cards/src/scripts/classic_plus/t_ai_07_alignment_tax.rs	27
16	port	packages/cards/src/scripts/classic-plus/t-ai-08-rate-limit.ts	crates/cards/src/scripts/classic_plus/t_ai_08_rate_limit.rs	43
16	port	packages/cards/src/scripts/classic-plus/t-ai-09-refusal.ts	crates/cards/src/scripts/classic_plus/t_ai_09_refusal.rs	60
16	port	packages/cards/src/scripts/classic-plus/t-ai-10-fine-tuning.ts	crates/cards/src/scripts/classic_plus/t_ai_10_fine_tuning.rs	24
16	port-inline	packages/cards/test/classic-plus/050-adaptive-growth.test.ts	crates/cards/src/scripts/classic_plus/c050_adaptive_growth.rs	158
16	port-inline	packages/cards/test/classic-plus/051-jlockheeds-j15-fighter.test.ts	crates/cards/src/scripts/classic_plus/c051_jlockheeds_j15_fighter.rs	120
16	port-inline	packages/cards/test/classic-plus/052-jlockheeds-permanent-defense-contract.test.ts	crates/cards/src/scripts/classic_plus/c052_jlockheeds_permanent_defense_contract.rs	225
16	port-inline	packages/cards/test/classic-plus/053-book-of-tokens.test.ts	crates/cards/src/scripts/classic_plus/c053_book_of_tokens.rs	127
16	port-inline	packages/cards/test/classic-plus/054-book-of-books.test.ts	crates/cards/src/scripts/classic_plus/c054_book_of_books.rs	163
16	port-inline	packages/cards/test/classic-plus/055-book-of-greed.test.ts	crates/cards/src/scripts/classic_plus/c055_book_of_greed.rs	128
16	port-inline	packages/cards/test/classic-plus/056-book-of-pain.test.ts	crates/cards/src/scripts/classic_plus/c056_book_of_pain.rs	135
16	port-inline	packages/cards/test/classic-plus/057-book-of-stats.test.ts	crates/cards/src/scripts/classic_plus/c057_book_of_stats.rs	118
16	port-inline	packages/cards/test/classic-plus/058-fruit-basket.test.ts	crates/cards/src/scripts/classic_plus/c058_fruit_basket.rs	125
16	port-inline	packages/cards/test/classic-plus/059-all-purpose-apple.test.ts	crates/cards/src/scripts/classic_plus/c059_all_purpose_apple.rs	118
16	port-inline	packages/cards/test/classic-plus/060-doctors-orders.test.ts	crates/cards/src/scripts/classic_plus/c060_doctors_orders.rs	156
16	port-inline	packages/cards/test/classic-plus/061-bauble-bubble.test.ts	crates/cards/src/scripts/classic_plus/c061_bauble_bubble.rs	188
16	port-inline	packages/cards/test/classic-plus/062-kys-papaya.test.ts	crates/cards/src/scripts/classic_plus/c062_kys_papaya.rs	392
16	port-inline	packages/cards/test/classic-plus/063-fruit-tree.test.ts	crates/cards/src/scripts/classic_plus/c063_fruit_tree.rs	196
16	port-inline	packages/cards/test/classic-plus/064-mulch-muncher.test.ts	crates/cards/src/scripts/classic_plus/c064_mulch_muncher.rs	167
16	port-inline	packages/cards/test/classic-plus/065-1-rotten-grape.test.ts	crates/cards/src/scripts/classic_plus/c065_1_rotten_grape.rs	111
16	port-inline	packages/cards/test/classic-plus/065-2-normal-grape.test.ts	crates/cards/src/scripts/classic_plus/c065_2_normal_grape.rs	209
16	port-inline	packages/cards/test/classic-plus/065-3-large-grape.test.ts	crates/cards/src/scripts/classic_plus/c065_3_large_grape.rs	143
16	port-inline	packages/cards/test/classic-plus/065-4-golden-grape.test.ts	crates/cards/src/scripts/classic_plus/c065_4_golden_grape.rs	173
16	port-inline	packages/cards/test/classic-plus/065-5-mythic-grape.test.ts	crates/cards/src/scripts/classic_plus/c065_5_mythic_grape.rs	115
16	port-inline	packages/cards/test/classic-plus/065-two-grapes.test.ts	crates/cards/src/scripts/classic_plus/c065_two_grapes.rs	220
16	port-inline	packages/cards/test/classic-plus/066-vine-of-grapes.test.ts	crates/cards/src/scripts/classic_plus/c066_vine_of_grapes.rs	116
16	port-inline	packages/cards/test/classic-plus/067-pear.test.ts	crates/cards/src/scripts/classic_plus/c067_pear.rs	152
16	port-inline	packages/cards/test/classic-plus/068-organic-produce.test.ts	crates/cards/src/scripts/classic_plus/c068_organic_produce.rs	196
16	port-inline	packages/cards/test/classic-plus/069-buff-billy.test.ts	crates/cards/src/scripts/classic_plus/c069_buff_billy.rs	164
16	port-inline	packages/cards/test/classic-plus/070-chaos-machine.test.ts	crates/cards/src/scripts/classic_plus/c070_chaos_machine.rs	228
16	port-inline	packages/cards/test/classic-plus/071-book-of-buff.test.ts	crates/cards/src/scripts/classic_plus/c071_book_of_buff.rs	132
16	port-inline	packages/cards/test/classic-plus/072-book-of-nerf.test.ts	crates/cards/src/scripts/classic_plus/c072_book_of_nerf.rs	171
16	port-inline	packages/cards/test/classic-plus/073-1-classic-golem.test.ts	crates/cards/src/scripts/classic_plus/c073_1_classic_golem.rs	206
16	port-inline	packages/cards/test/classic-plus/073-call-to-chaos-classic-edition.test.ts	crates/cards/src/scripts/classic_plus/c073_call_to_chaos_classic_edition.rs	386
16	port-inline	packages/cards/test/classic-plus/074-twice-forward-one-step-backwards.test.ts	crates/cards/src/scripts/classic_plus/c074_twice_forward_one_step_backwards.rs	329
16	port-inline	packages/cards/test/classic-plus/075-1-j-lease-j-jungle-ex-plorer-pack.test.ts	crates/cards/src/scripts/classic_plus/c075_1_j_lease_j_jungle_ex_plorer_pack.rs	142
16	port-inline	packages/cards/test/classic-plus/075-j-lease-j-jungle-ex-plorer.test.ts	crates/cards/src/scripts/classic_plus/c075_j_lease_j_jungle_ex_plorer.rs	122
16	port-inline	packages/cards/test/classic-plus/076-1-brother-ping.test.ts	crates/cards/src/scripts/classic_plus/c076_1_brother_ping.rs	214
16	port-inline	packages/cards/test/classic-plus/076-brother-lar.test.ts	crates/cards/src/scripts/classic_plus/c076_brother_lar.rs	112
16	port-inline	packages/cards/test/classic-plus/077-anti-softlock.test.ts	crates/cards/src/scripts/classic_plus/c077_anti_softlock.rs	166
16	port-inline	packages/cards/test/classic-plus/078-claudes-datacenter.test.ts	crates/cards/src/scripts/classic_plus/c078_claudes_datacenter.rs	128
16	port-inline	packages/cards/test/classic-plus/t-ai-01-helpful-assistant.test.ts	crates/cards/src/scripts/classic_plus/t_ai_01_helpful_assistant.rs	129
16	port-inline	packages/cards/test/classic-plus/t-ai-02-scaling-law.test.ts	crates/cards/src/scripts/classic_plus/t_ai_02_scaling_law.rs	112
16	port-inline	packages/cards/test/classic-plus/t-ai-03-hallucination.test.ts	crates/cards/src/scripts/classic_plus/t_ai_03_hallucination.rs	157
16	port-inline	packages/cards/test/classic-plus/t-ai-04-chain-of-thought.test.ts	crates/cards/src/scripts/classic_plus/t_ai_04_chain_of_thought.rs	146
16	port-inline	packages/cards/test/classic-plus/t-ai-05-autocomplete.test.ts	crates/cards/src/scripts/classic_plus/t_ai_05_autocomplete.rs	199
16	port-inline	packages/cards/test/classic-plus/t-ai-06-datacenter-fire.test.ts	crates/cards/src/scripts/classic_plus/t_ai_06_datacenter_fire.rs	143
16	port-inline	packages/cards/test/classic-plus/t-ai-07-alignment-tax.test.ts	crates/cards/src/scripts/classic_plus/t_ai_07_alignment_tax.rs	127
16	port-inline	packages/cards/test/classic-plus/t-ai-08-rate-limit.test.ts	crates/cards/src/scripts/classic_plus/t_ai_08_rate_limit.rs	185
16	port-inline	packages/cards/test/classic-plus/t-ai-09-refusal.test.ts	crates/cards/src/scripts/classic_plus/t_ai_09_refusal.rs	223
16	port-inline	packages/cards/test/classic-plus/t-ai-10-fine-tuning.test.ts	crates/cards/src/scripts/classic_plus/t_ai_10_fine_tuning.rs	119
17	port	packages/ai/src/baselines.ts	crates/ai/src/baselines.rs	66
17	port	packages/ai/src/candidates.ts	crates/ai/src/candidates.rs	195
17	port	packages/ai/src/config.ts	crates/ai/src/config.rs	381
17	port	packages/ai/src/decide.ts	crates/ai/src/decide.rs	225
17	port	packages/ai/src/deck.ts	crates/ai/src/deck.rs	242
17	port	packages/ai/src/determinize.ts	crates/ai/src/determinize.rs	166
17	port	packages/ai/src/devRun.ts	crates/ai/src/dev_run.rs	80
17	port	packages/ai/src/evaluate.ts	crates/ai/src/evaluate.rs	240
17	port	packages/ai/src/gate.ts	crates/ai/src/gate.rs	249
17	port	packages/ai/src/lethal.ts	crates/ai/src/lethal.rs	247
17	port	packages/ai/src/match.ts	crates/ai/src/match_.rs	234
17	port	packages/ai/src/mulligan.ts	crates/ai/src/mulligan.rs	21
17	port	packages/ai/src/observe.ts	crates/ai/src/observe.rs	373
17	port	packages/ai/src/reply.ts	crates/ai/src/reply.rs	234
17	port	packages/ai/src/search.ts	crates/ai/src/search.rs	143
17	port	packages/ai/src/shadowBan.ts	crates/ai/src/shadow_ban.rs	53
17	port	packages/ai/src/simulate.ts	crates/ai/src/simulate.rs	212
17	port	packages/ai/src/sweep.ts	crates/ai/src/sweep.rs	450
17	port	packages/ai/src/types.ts	crates/ai/src/types.rs	65
17	port	packages/ai/test/_support.ts	crates/ai/tests/ai/support.rs	212
17	port	packages/ai/test/activate.test.ts	crates/ai/tests/ai/activate.rs	200
17	port	packages/ai/test/answer-key.test.ts	crates/ai/tests/ai/answer_key.rs	90
17	port	packages/ai/test/decide.test.ts	crates/ai/tests/ai/decide.rs	403
17	port	packages/ai/test/deck.test.ts	crates/ai/tests/ai/deck.rs	275
17	port	packages/ai/test/determinize-shown-cost.test.ts	crates/ai/tests/ai/determinize_shown_cost.rs	105
17	port	packages/ai/test/dev-run.test.ts	crates/ai/tests/ai/dev_run.rs	97
17	port	packages/ai/test/evaluate-v020.test.ts	crates/ai/tests/ai/evaluate_v020.rs	258
17	port	packages/ai/test/evaluate.test.ts	crates/ai/tests/ai/evaluate.rs	223
17	port	packages/ai/test/lethal.test.ts	crates/ai/tests/ai/lethal.rs	188
17	port	packages/ai/test/match-refusal.test.ts	crates/ai/tests/ai/match_refusal.rs	120
17	port	packages/ai/test/match.test.ts	crates/ai/tests/ai/match_.rs	294
17	port	packages/ai/test/observe-instance-data.test.ts	crates/ai/tests/ai/observe_instance_data.rs	43
17	port	packages/ai/test/observe.test.ts	crates/ai/tests/ai/observe.rs	663
17	port	packages/ai/test/prompts-v020.test.ts	crates/ai/tests/ai/prompts_v020.rs	267
17	port	packages/ai/test/puzzles.test.ts	crates/ai/tests/ai/puzzles.rs	273
17	port	packages/ai/test/redact-announce.test.ts	crates/ai/tests/ai/redact_announce.rs	40
17	port	packages/ai/test/redact-backrow-piles.test.ts	crates/ai/tests/ai/redact_backrow_piles.rs	49
17	port	packages/ai/test/redact-board-history.test.ts	crates/ai/tests/ai/redact_board_history.rs	30
17	port	packages/ai/test/redact-fusion.test.ts	crates/ai/tests/ai/redact_fusion.rs	51
17	port	packages/ai/test/redact-last-boards.test.ts	crates/ai/tests/ai/redact_last_boards.rs	25
17	port	packages/ai/test/redact-live-face-down.test.ts	crates/ai/tests/ai/redact_live_face_down.rs	96
17	port	packages/ai/test/reply.test.ts	crates/ai/tests/ai/reply.rs	170
17	port	packages/ai/test/search.test.ts	crates/ai/tests/ai/search.rs	337
17	port	packages/ai/test/shadowBan.test.ts	crates/ai/tests/ai/shadow_ban.rs	432
17	port	packages/ai/test/surface.test.ts	crates/ai/tests/ai/surface.rs	319
17	port	packages/ai/test/tutorial-tier.test.ts	crates/ai/tests/ai/tutorial_tier.rs	240
18	port	apps/server/src/api/auth.ts	crates/server/src/api/auth.rs	898
18	port	apps/server/src/api/catalog.ts	crates/server/src/api/catalog.rs	276
18	port	apps/server/src/api/codes.ts	crates/server/src/api/codes.rs	424
18	port	apps/server/src/api/collection.ts	crates/server/src/api/collection.rs	192
18	port	apps/server/src/api/cors.ts	crates/server/src/api/cors.rs	160
18	port	apps/server/src/api/crypto.ts	crates/server/src/api/crypto.rs	106
18	port	apps/server/src/api/decks.ts	crates/server/src/api/decks.rs	674
18	delete	apps/server/src/api/deps.ts		78
18	port	apps/server/src/api/e2e.ts	crates/server/src/api/e2e.rs	301
18	port	apps/server/src/api/http.ts	crates/server/src/api/http.rs	709
18	delete	apps/server/src/api/loadout-validator.ts		71
18	port	apps/server/src/api/ranked.ts	crates/server/src/api/ranked.rs	474
18	port	apps/server/src/api/retention.ts	crates/server/src/api/retention.rs	26
18	port	apps/server/src/api/settings.ts	crates/server/src/api/settings.rs	151
18	port	apps/server/src/api/stats.ts	crates/server/src/api/stats.rs	432
18	port	apps/server/src/api/tutorial.ts	crates/server/src/api/tutorial.rs	121
18	port	apps/server/src/config.ts	crates/server/src/config.rs	782
18	port	apps/server/src/env.ts	crates/server/src/env.rs	349
18	port	apps/server/src/index.ts	crates/server/src/app.rs	401
18	port	apps/server/src/ranked/glicko2.ts	crates/server/src/ranked/glicko2.rs	147
18	port	apps/server/src/ranked/ladder.ts	crates/server/src/ranked/ladder.rs	286
18	port	apps/server/src/ranked/season.ts	crates/server/src/ranked/season.rs	106
18	port	apps/server/test/api/account.test.ts	crates/server/tests/api/account.rs	254
18	port	apps/server/test/api/auth.test.ts	crates/server/tests/api/auth.rs	984
18	port	apps/server/test/api/catalog.test.ts	crates/server/tests/api/catalog.rs	421
18	port	apps/server/test/api/client-address.test.ts	crates/server/tests/api/client_address.rs	637
18	port	apps/server/test/api/code-input-parity.test.ts	crates/server/tests/api/code_input_parity.rs	268
18	port	apps/server/test/api/codes.test.ts	crates/server/tests/api/codes.rs	807
18	port	apps/server/test/api/collection.test.ts	crates/server/tests/api/collection.rs	333
18	port	apps/server/test/api/cors.test.ts	crates/server/tests/api/cors.rs	250
18	port	apps/server/test/api/decks.test.ts	crates/server/tests/api/decks.rs	1032
18	port	apps/server/test/api/e2e.test.ts	crates/server/tests/api/e2e.rs	670
18	port	apps/server/test/api/ranked.test.ts	crates/server/tests/api/ranked.rs	354
18	port	apps/server/test/api/rate-limit.test.ts	crates/server/tests/api/rate_limit.rs	237
18	port	apps/server/test/api/redeem-feedback.test.ts	crates/server/tests/api/redeem_feedback.rs	673
18	port	apps/server/test/api/retention.test.ts	crates/server/tests/api/retention.rs	69
18	port	apps/server/test/api/settings.test.ts	crates/server/tests/api/settings.rs	233
18	port	apps/server/test/api/stats.test.ts	crates/server/tests/api/stats.rs	509
18	port	apps/server/test/api/tutorial.test.ts	crates/server/tests/api/tutorial.rs	174
18	port	apps/server/test/env-deployed-commit.test.ts	crates/server/tests/api/env_deployed_commit.rs	41
18	port	apps/server/test/fakes/deps.ts	crates/server/tests/support/deps.rs	494
18	port	apps/server/test/ranked/glicko2.test.ts	crates/server/tests/api/glicko2.rs	125
18	port	apps/server/test/ranked/ladder.test.ts	crates/server/tests/api/ladder.rs	239
18	port	apps/server/test/ranked/season.test.ts	crates/server/tests/api/season.rs	66
19	port	apps/server/src/api/game-records.ts	crates/server/src/api/game_records.rs	85
19	port	apps/server/src/api/queue.ts	crates/server/src/api/queue.rs	578
19	port	apps/server/src/api/rematch.ts	crates/server/src/api/rematch.rs	276
19	port	apps/server/src/api/results.ts	crates/server/src/api/results.rs	325
19	port	apps/server/src/api/series-rules.ts	crates/server/src/api/series_rules.rs	654
19	port	apps/server/src/api/series.ts	crates/server/src/api/series.rs	570
19	port	apps/server/src/match/actor.ts	crates/server/src/actor/match_actor.rs	917
19	port	apps/server/src/match/clock.ts	crates/server/src/actor/clock.rs	299
19	port	apps/server/src/match/contracts.ts	crates/server/src/actor/contracts.rs	158
19	port	apps/server/src/match/engine.real.ts	crates/server/src/actor/engine.rs	103
19	port	apps/server/src/match/engine.ts	crates/server/src/actor/engine.rs	198
19	port	apps/server/src/match/protocol.ts	crates/server/src/actor/protocol.rs	532
19	port	apps/server/src/match/registry.ts	crates/server/src/actor/registry.rs	195
19	port	apps/server/src/match/rooms.ts	crates/server/src/actor/rooms.rs	350
19	port	apps/server/src/match/wsServer.ts	crates/server/src/actor/ws_server.rs	341
19	port	apps/server/test/api/game-records.test.ts	crates/server/tests/api/game_records.rs	236
19	port	apps/server/test/api/queue.test.ts	crates/server/tests/api/queue.rs	1241
19	port	apps/server/test/api/rematch.test.ts	crates/server/tests/api/rematch.rs	638
19	port	apps/server/test/api/results.test.ts	crates/server/tests/api/results.rs	579
19	port	apps/server/test/api/series-rules.test.ts	crates/server/tests/api/series_rules.rs	799
19	port	apps/server/test/api/series.test.ts	crates/server/tests/api/series.rs	661
19	port	apps/server/test/fakes/engine.ts	crates/server/tests/support/engine.rs	659
19	port	apps/server/test/fakes/socket.ts	crates/server/tests/support/socket.rs	91
19	port	apps/server/test/match/actor.test.ts	crates/server/tests/actor/match_actor.rs	1991
19	port	apps/server/test/match/aim.test.ts	crates/server/tests/actor/aim.rs	232
19	port	apps/server/test/match/clock.test.ts	crates/server/tests/actor/clock.rs	451
19	port	apps/server/test/match/dealt-deck.test.ts	crates/server/tests/actor/dealt_deck.rs	128
19	port	apps/server/test/match/engine.real.test.ts	crates/server/tests/actor/engine_real.rs	198
19	port	apps/server/test/match/glitch.test.ts	crates/server/tests/actor/glitch.rs	324
19	port	apps/server/test/match/last-boards.test.ts	crates/server/tests/actor/last_boards.rs	225
19	port	apps/server/test/match/recovery.test.ts	crates/server/tests/actor/recovery.rs	622
19	port	apps/server/test/match/rooms.test.ts	crates/server/tests/actor/rooms.rs	704
19	port	apps/server/test/match/series-recovery.test.ts	crates/server/tests/actor/series_recovery.rs	488
19	port	apps/server/test/match/ws-server.test.ts	crates/server/tests/actor/ws_server.rs	157
20	copy	apps/server/.env.example	crates/server/.env.example	70
20	port	apps/server/src/api/e2e-store.ts	crates/server/src/db/fake.rs	767
20	port	apps/server/src/api/memory-stores.ts	crates/server/src/db/fake.rs	866
20	port	apps/server/src/api/ports.ts	crates/server/src/db/store.rs	1272
20	port	apps/server/src/db/card-stats.ts	crates/server/src/cli/card_stats.rs	138
20	port	apps/server/src/db/import-dev-records.ts	crates/server/src/cli/import_dev_records.rs	86
20	port	apps/server/src/db/migrate.ts	crates/server/src/db/migrate.rs	156
20	port	apps/server/src/db/mint-code.ts	crates/server/src/cli/mint_code.rs	113
20	port	apps/server/src/db/season-start.ts	crates/server/src/cli/season_start.rs	109
20	port	apps/server/src/db/seed-accounts.ts	crates/server/src/cli/seed_accounts.rs	286
20	port	apps/server/src/db/seed-catalog.ts	crates/server/src/cli/seed_catalog.rs	187
20	port	apps/server/src/db/store.ts	crates/server/src/db/pg.rs	2979
20	port	apps/server/test/db/bootstrap.sql	crates/server/tests/db/bootstrap.sql	57
20	port	apps/server/test/db/card-stats.test.ts	crates/server/tests/store/card_stats.rs	157
20	delete	apps/server/test/db/contract.memory.test.ts		13
20	delete	apps/server/test/db/contract.postgres.spec.ts		10
20	port	apps/server/test/db/contract.ts	crates/server/tests/store/contract.rs	2251
20	port	apps/server/test/db/grants.sql	crates/server/tests/db/grants.sql	11
20	delete	apps/server/test/db/harness.ts		236
20	delete	apps/server/test/db/loadstore-boot.ts		45
20	port	apps/server/test/db/migrations-pinned.test.ts	crates/server/tests/store/migrations_pinned.rs	75
20	port	apps/server/test/db/mint-code.test.ts	crates/server/tests/store/mint_code.rs	85
20	delete	apps/server/test/db/pool-error.test.ts		156
20	port	apps/server/test/db/postgres.spec.ts	crates/server/tests/store/postgres.rs	743
20	delete	apps/server/test/db/redeem-race.memory.test.ts		13
20	delete	apps/server/test/db/redeem-race.postgres.spec.ts		10
20	port	apps/server/test/db/redeem-race.ts	crates/server/tests/store/redeem_race.rs	245
20	port	apps/server/test/db/run.sh	crates/server/tests/db/run.sh	74
20	port	apps/server/test/db/season-start.test.ts	crates/server/tests/store/season_start.rs	119
20	port	apps/server/test/db/seed-accounts.test.ts	crates/server/tests/store/seed_accounts.rs	58
20	port	apps/server/test/db/seed-catalog.spec.ts	crates/server/tests/store/seed_catalog.rs	106
20	port	apps/server/test/db/seed-catalog.test.ts	crates/server/tests/store/seed_catalog.rs	121
20	delete	apps/server/test/db/store-guards.test.ts		32
20	delete	apps/server/test/db/vitest.config.ts		31
20	port	apps/server/test/deploy/rehearse.sh	crates/server/tests/deploy/rehearse.sh	205
20	delete	apps/server/test/fakes/store.ts		546
20	copy	apps/server/test/sql/00_supabase_stub.sql	crates/server/tests/sql/00_supabase_stub.sql	39
20	copy	apps/server/test/sql/01_schema_invariants.sql	crates/server/tests/sql/01_schema_invariants.sql	932
20	copy	apps/server/test/sql/02_rls_as_client.sql	crates/server/tests/sql/02_rls_as_client.sql	943
20	copy	apps/server/test/sql/03_match_lifecycle.sql	crates/server/tests/sql/03_match_lifecycle.sql	1408
20	copy	apps/server/test/sql/03b_legacy_loadout_seed.sql	crates/server/tests/sql/03b_legacy_loadout_seed.sql	102
20	copy	apps/server/test/sql/04_decks_and_series.sql	crates/server/tests/sql/04_decks_and_series.sql	802
20	copy	apps/server/test/sql/05_tutorial_progress.sql	crates/server/tests/sql/05_tutorial_progress.sql	222
20	copy	apps/server/test/sql/06_account_deletion.sql	crates/server/tests/sql/06_account_deletion.sql	218
20	copy	apps/server/test/sql/07_retention_purge.sql	crates/server/tests/sql/07_retention_purge.sql	80
20	copy	apps/server/test/sql/08_game_records.sql	crates/server/tests/sql/08_game_records.sql	85
20	copy	apps/server/test/sql/09_catalog_growth.sql	crates/server/tests/sql/09_catalog_growth.sql	81
20	copy	apps/server/test/sql/10_last_boards.sql	crates/server/tests/sql/10_last_boards.sql	215
20	copy	apps/server/test/sql/11_player_settings.sql	crates/server/tests/sql/11_player_settings.sql	256
20	copy	apps/server/test/sql/12_ranked.sql	crates/server/tests/sql/12_ranked.sql	475
20	copy	apps/server/test/sql/13_glitch.sql	crates/server/tests/sql/13_glitch.sql	114
20	copy	apps/server/test/sql/14_patch_retcon.sql	crates/server/tests/sql/14_patch_retcon.sql	151
20	copy	apps/server/test/sql/run.sh	crates/server/tests/sql/run.sh	151
21	copy	packages/ai/src/personas.ts	apps/web/src/practice/personas.ts	362
21	copy	packages/ai/test/personas.test.ts	apps/web/src/practice/personas.test.ts	779
21	merge	packages/cards/src/flavour.ts	apps/web/src/cards/flavour.ts	24
22	port	packages/ai/scripts/gate-merge.ts	crates/tools/src/gate.rs	70
22	port	packages/ai/scripts/stats.ts	crates/tools/src/stats.rs	121
22	port	packages/ai/scripts/sweep.ts	crates/tools/src/sweep.rs	272
22	port	packages/ai/scripts/trace.ts	crates/tools/src/trace.rs	97
22	port	packages/ai/test/gate-greedy.test.ts	crates/tools/src/gate.rs	172
22	port	packages/ai/test/gate-hard-easy.test.ts	crates/tools/src/gate.rs	123
22	port	packages/ai/test/gate-perf.test.ts	crates/tools/src/gate.rs	145
22	port	packages/ai/test/gate-random.test.ts	crates/tools/src/gate.rs	152
22	port	packages/cards/scripts/naming.ts	crates/tools/src/patches.rs	249
22	port	packages/cards/scripts/patch.ts	crates/tools/src/patches.rs	64
22	port	packages/cards/scripts/patches-io.ts	crates/tools/src/patches.rs	418
22	port	packages/cards/scripts/patches.ts	crates/tools/src/patches.rs	372
22	port	packages/cards/scripts/validate-catalog.ts	crates/tools/src/catalog.rs	655
22	port	packages/cards/scripts/versions.ts	crates/tools/src/patches.rs	39
22	port	packages/cards/test/card-text.test.ts	crates/cards/tests/cross/card_text.rs	689
22	port	packages/cards/test/catalog.test.ts	crates/cards/tests/cross/catalog.rs	820
22	port	packages/cards/test/flavour.test.ts	crates/cards/tests/cross/flavour.rs	59
22	port	packages/cards/test/fuzz-handicap.test.ts	crates/tools/src/fuzz.rs	154
22	port	packages/cards/test/fuzz.test.ts	crates/tools/src/fuzz.rs	555
22	port	packages/cards/test/params.test.ts	crates/cards/tests/cross/params.rs	128
22	port	packages/cards/test/patches-ship.test.ts	crates/tools/src/patches.rs	545
22	port	packages/cards/test/patches.test.ts	crates/tools/src/patches.rs	437
22	port	packages/cards/test/pools-and-randomness.test.ts	crates/cards/tests/cross/pools_and_randomness.rs	157
22	port	packages/cards/test/query.test.ts	crates/cards/tests/cross/query.rs	402
22	port	packages/cards/test/radiant-standard.test.ts	crates/cards/tests/cross/radiant_standard.rs	103
22	port	packages/cards/test/references.test.ts	crates/cards/tests/cross/references.rs	157
22	port	packages/cards/test/registry.test.ts	crates/cards/tests/cross/registry.rs	331
22	port	packages/cards/test/versions.test.ts	crates/tools/src/patches.rs	26
23	copy	packages/cards/test/fixtures/01-hotseat-full-game.json	crates/engine/tests/golden/01-hotseat-full-game.json	336
23	port	packages/cards/test/hotseat-replay.test.ts	crates/engine/tests/golden.rs	213
24	port	packages/engine/test/effects-after-check.test.ts	crates/engine/tests/rules/effects_after_check.rs	229
24	port	packages/engine/test/effects-animate.test.ts	crates/engine/tests/rules/effects_animate.rs	76
24	port	packages/engine/test/effects-boardwide.test.ts	crates/engine/tests/rules/effects_boardwide.rs	698
24	port	packages/engine/test/effects-brittle.test.ts	crates/engine/tests/rules/effects_brittle.rs	87
24	port	packages/engine/test/effects-buff.test.ts	crates/engine/tests/rules/effects_buff.rs	298
24	port	packages/engine/test/effects-cardScope.test.ts	crates/engine/tests/rules/effects_card_scope.rs	100
24	port	packages/engine/test/effects-cast-chaos.test.ts	crates/engine/tests/rules/effects_cast_chaos.rs	80
24	port	packages/engine/test/effects-cast.test.ts	crates/engine/tests/rules/effects_cast.rs	496
24	port	packages/engine/test/effects-choose-where.test.ts	crates/engine/tests/rules/effects_choose_where.rs	72
24	port	packages/engine/test/effects-choose.test.ts	crates/engine/tests/rules/effects_choose.rs	455
24	port	packages/engine/test/effects-combat.test.ts	crates/engine/tests/rules/effects_combat.rs	639
24	port	packages/engine/test/effects-core.test.ts	crates/engine/tests/rules/effects_core.rs	784
24	port	packages/engine/test/effects-cost.test.ts	crates/engine/tests/rules/effects_cost.rs	203
24	port	packages/engine/test/effects-counters.test.ts	crates/engine/tests/rules/effects_counters.rs	200
24	port	packages/engine/test/effects-cry.test.ts	crates/engine/tests/rules/effects_cry.rs	248
24	port	packages/engine/test/effects-damage.test.ts	crates/engine/tests/rules/effects_damage.rs	209
24	port	packages/engine/test/effects-datacenter.test.ts	crates/engine/tests/rules/effects_datacenter.rs	262
24	port	packages/engine/test/effects-delay.test.ts	crates/engine/tests/rules/effects_delay.rs	555
24	port	packages/engine/test/effects-destroy.test.ts	crates/engine/tests/rules/effects_destroy.rs	338
24	port	packages/engine/test/effects-drawWhile.test.ts	crates/engine/tests/rules/effects_draw_while.rs	128
24	port	packages/engine/test/effects-each.test.ts	crates/engine/tests/rules/effects_each.rs	110
24	port	packages/engine/test/effects-enchant.test.ts	crates/engine/tests/rules/effects_enchant.rs	115
24	port	packages/engine/test/effects-flicker.test.ts	crates/engine/tests/rules/effects_flicker.rs	224
24	port	packages/engine/test/effects-fruit.test.ts	crates/engine/tests/rules/effects_fruit.rs	356
24	port	packages/engine/test/effects-give.test.ts	crates/engine/tests/rules/effects_give.rs	353
24	port	packages/engine/test/effects-hand-exile.test.ts	crates/engine/tests/rules/effects_hand_exile.rs	88
24	port	packages/engine/test/effects-heal.test.ts	crates/engine/tests/rules/effects_heal.rs	182
24	port	packages/engine/test/effects-health.test.ts	crates/engine/tests/rules/effects_health.rs	105
24	port	packages/engine/test/effects-library.test.ts	crates/engine/tests/rules/effects_library.rs	600
24	port	packages/engine/test/effects-locks.test.ts	crates/engine/tests/rules/effects_locks.rs	199
24	port	packages/engine/test/effects-move.test.ts	crates/engine/tests/rules/effects_move.rs	492
24	port	packages/engine/test/effects-perks.test.ts	crates/engine/tests/rules/effects_perks.rs	99
24	port	packages/engine/test/effects-plague-random-cast.test.ts	crates/engine/tests/rules/effects_plague_random_cast.rs	86
24	port	packages/engine/test/effects-plague.test.ts	crates/engine/tests/rules/effects_plague.rs	464
24	port	packages/engine/test/effects-plus-c.test.ts	crates/engine/tests/rules/effects_plus_c.rs	290
24	port	packages/engine/test/effects-radiant.test.ts	crates/engine/tests/rules/effects_radiant.rs	265
24	port	packages/engine/test/effects-random.test.ts	crates/engine/tests/rules/effects_random.rs	720
24	port	packages/engine/test/effects-reveal.test.ts	crates/engine/tests/rules/effects_reveal.rs	47
24	port	packages/engine/test/effects-shuffle-card.test.ts	crates/engine/tests/rules/effects_shuffle_card.rs	106
24	port	packages/engine/test/effects-split.test.ts	crates/engine/tests/rules/effects_split.rs	87
24	port	packages/engine/test/effects-statuses.test.ts	crates/engine/tests/rules/effects_statuses.rs	101
24	port	packages/engine/test/effects-steal.test.ts	crates/engine/tests/rules/effects_steal.rs	192
24	port	packages/engine/test/effects-summon-copies.test.ts	crates/engine/tests/rules/effects_summon_copies.rs	382
24	port	packages/engine/test/effects-summon.test.ts	crates/engine/tests/rules/effects_summon.rs	401
24	port	packages/engine/test/effects-summonThis.test.ts	crates/engine/tests/rules/effects_summon_this.rs	231
24	port	packages/engine/test/effects-swap.test.ts	crates/engine/tests/rules/effects_swap.rs	306
24	port	packages/engine/test/effects-targets.test.ts	crates/engine/tests/rules/effects_targets.rs	320
24	port	packages/engine/test/effects-transform.test.ts	crates/engine/tests/rules/effects_transform.rs	372
24	port	packages/engine/test/effects-tune.test.ts	crates/engine/tests/rules/effects_tune.rs	649
24	port	packages/engine/test/effects-turnEnd.test.ts	crates/engine/tests/rules/effects_turn_end.rs	294
24	port	packages/engine/test/fixtures/activate.ts	crates/engine/tests/rules/fixtures/activate.rs	393
24	port	packages/engine/test/fixtures/boardHistory.ts	crates/engine/tests/rules/fixtures/board_history.rs	57
24	port	packages/engine/test/fixtures/callToChaosPlus.ts	crates/engine/tests/rules/fixtures/call_to_chaos_plus.rs	81
24	port	packages/engine/test/fixtures/catalog.ts	crates/engine/tests/rules/fixtures/catalog.rs	78
24	port	packages/engine/test/fixtures/combat.ts	crates/engine/tests/rules/fixtures/combat.rs	408
24	port	packages/engine/test/fixtures/copiedText.ts	crates/engine/tests/rules/fixtures/copied_text.rs	136
24	port	packages/engine/test/fixtures/corePatches.ts	crates/engine/tests/rules/fixtures/core_patches.rs	86
24	port	packages/engine/test/fixtures/damage-combat.ts	crates/engine/tests/rules/fixtures/damage_combat.rs	510
24	port	packages/engine/test/fixtures/datacenter.ts	crates/engine/tests/rules/fixtures/datacenter.rs	63
24	port	packages/engine/test/fixtures/field.ts	crates/engine/tests/rules/fixtures/field.rs	301
24	port	packages/engine/test/fixtures/fruit.ts	crates/engine/tests/rules/fixtures/fruit.rs	71
24	port	packages/engine/test/fixtures/generation.ts	crates/engine/tests/rules/fixtures/generation.rs	428
24	port	packages/engine/test/fixtures/harness.ts	crates/engine/tests/rules/fixtures/harness.rs	107
24	port	packages/engine/test/fixtures/instanceData.ts	crates/engine/tests/rules/fixtures/instance_data.rs	361
24	port	packages/engine/test/fixtures/killCredit.ts	crates/engine/tests/rules/fixtures/kill_credit.rs	96
24	port	packages/engine/test/fixtures/kyTest.ts	crates/engine/tests/rules/fixtures/ky_test.rs	63
24	port	packages/engine/test/fixtures/lastBoards.ts	crates/engine/tests/rules/fixtures/last_boards.rs	78
24	port	packages/engine/test/fixtures/papaya.ts	crates/engine/tests/rules/fixtures/papaya.rs	70
24	port	packages/engine/test/fixtures/playPipelineA.ts	crates/engine/tests/rules/fixtures/play_pipeline_a.rs	352
24	port	packages/engine/test/fixtures/playPipelineB.ts	crates/engine/tests/rules/fixtures/play_pipeline_b.rs	384
24	port	packages/engine/test/fixtures/promptHarness.ts	crates/engine/tests/rules/fixtures/prompt_harness.rs	125
24	port	packages/engine/test/fixtures/prompts.ts	crates/engine/tests/rules/fixtures/prompts.rs	649
24	port	packages/engine/test/fixtures/quests.ts	crates/engine/tests/rules/fixtures/quests.rs	266
24	port	packages/engine/test/fixtures/rng-child.ts	crates/engine/tests/rules/fixtures/rng_child.rs	9
24	port	packages/engine/test/fixtures/scripts.ts	crates/engine/tests/rules/fixtures/scripts.rs	253
24	port	packages/engine/test/fixtures/turn.ts	crates/engine/tests/rules/fixtures/turn.rs	285
24	port	packages/engine/test/fixtures/twiceForward.ts	crates/engine/tests/rules/fixtures/twice_forward.rs	67
25	port	packages/engine/test/activate.test.ts	crates/engine/tests/rules/activate.rs	827
25	port	packages/engine/test/aiPolicy.test.ts	crates/engine/tests/rules/ai_policy.rs	256
25	port	packages/engine/test/audit.test.ts	crates/engine/tests/rules/audit.rs	99
25	port	packages/engine/test/boardHistory.test.ts	crates/engine/tests/rules/board_history.rs	317
25	port	packages/engine/test/callToChaos.test.ts	crates/engine/tests/rules/call_to_chaos.rs	682
25	port	packages/engine/test/callToChaosPlus.test.ts	crates/engine/tests/rules/call_to_chaos_plus.rs	339
25	port	packages/engine/test/comboIndex.test.ts	crates/engine/tests/rules/combo_index.rs	522
25	port	packages/engine/test/copied-text.test.ts	crates/engine/tests/rules/copied_text.rs	353
25	port	packages/engine/test/corePatches.test.ts	crates/engine/tests/rules/core_patches.rs	390
25	port	packages/engine/test/death-pause.test.ts	crates/engine/tests/rules/death_pause.rs	504
25	port	packages/engine/test/delayed-kinds.test.ts	crates/engine/tests/rules/delayed_kinds.rs	270
25	port	packages/engine/test/fuse-registry.test.ts	crates/engine/tests/rules/fuse_registry.rs	196
25	port	packages/engine/test/fuse-variants.test.ts	crates/engine/tests/rules/fuse_variants.rs	540
25	port	packages/engine/test/fuse.test.ts	crates/engine/tests/rules/fuse.rs	615
25	port	packages/engine/test/glitch.test.ts	crates/engine/tests/rules/glitch.rs	218
25	port	packages/engine/test/heroPower.test.ts	crates/engine/tests/rules/hero_power.rs	528
25	port	packages/engine/test/kyTest.test.ts	crates/engine/tests/rules/ky_test.rs	282
25	port	packages/engine/test/lastBoards.test.ts	crates/engine/tests/rules/last_boards.rs	283
25	port	packages/engine/test/modifiers.test.ts	crates/engine/tests/rules/modifiers.rs	573
25	port	packages/engine/test/papaya.test.ts	crates/engine/tests/rules/papaya.rs	420
25	port	packages/engine/test/pauses.test.ts	crates/engine/tests/rules/pauses.rs	589
25	port	packages/engine/test/perfectHand.test.ts	crates/engine/tests/rules/perfect_hand.rs	257
25	port	packages/engine/test/prompt-kinds.test.ts	crates/engine/tests/rules/prompt_kinds.rs	601
25	port	packages/engine/test/prompts.test.ts	crates/engine/tests/rules/prompts.rs	909
25	port	packages/engine/test/quests.test.ts	crates/engine/tests/rules/quests.rs	658
25	port	packages/engine/test/rulings-a.test.ts	crates/engine/tests/rules/rulings_a.rs	1385
25	port	packages/engine/test/rulings-b.test.ts	crates/engine/tests/rules/rulings_b.rs	1682
25	port	packages/engine/test/rulings-c.test.ts	crates/engine/tests/rules/rulings_c.rs	2539
25	port	packages/engine/test/scorer.test.ts	crates/engine/tests/rules/scorer.rs	264
25	port	packages/engine/test/start-of-opponent-turn.test.ts	crates/engine/tests/rules/start_of_opponent_turn.rs	77
25	port	packages/engine/test/statecheck.test.ts	crates/engine/tests/rules/statecheck.rs	641
25	port	packages/engine/test/stays.test.ts	crates/engine/tests/rules/stays.rs	98
25	port	packages/engine/test/trap-cardresolved.test.ts	crates/engine/tests/rules/trap_cardresolved.rs	261
25	port	packages/engine/test/trap-window-pause.test.ts	crates/engine/tests/rules/trap_window_pause.rs	349
25	port	packages/engine/test/trigger-zones.test.ts	crates/engine/tests/rules/trigger_zones.rs	366
25	port	packages/engine/test/triggers.test.ts	crates/engine/tests/rules/triggers.rs	432
25	port	packages/engine/test/twiceForward.test.ts	crates/engine/tests/rules/twice_forward.rs	255
26	port	packages/engine/test/after-attack.test.ts	crates/engine/tests/rules/after_attack.rs	135
26	port	packages/engine/test/animated.test.ts	crates/engine/tests/rules/animated.rs	473
26	port	packages/engine/test/auto-end-turn.test.ts	crates/engine/tests/rules/auto_end_turn.rs	161
26	port	packages/engine/test/backrow-death.test.ts	crates/engine/tests/rules/backrow_death.rs	73
26	port	packages/engine/test/backrow-piles.test.ts	crates/engine/tests/rules/backrow_piles.rs	438
26	port	packages/engine/test/brittle.test.ts	crates/engine/tests/rules/brittle.rs	395
26	port	packages/engine/test/carried-damage.test.ts	crates/engine/tests/rules/carried_damage.rs	66
26	port	packages/engine/test/combat-positions.test.ts	crates/engine/tests/rules/combat_positions.rs	347
26	port	packages/engine/test/combat-resolution.test.ts	crates/engine/tests/rules/combat_resolution.rs	303
26	port	packages/engine/test/combat-validation.test.ts	crates/engine/tests/rules/combat_validation.rs	428
26	port	packages/engine/test/combat.property.test.ts	crates/engine/tests/rules/combat_property.rs	465
26	port	packages/engine/test/conditionActive.test.ts	crates/engine/tests/rules/condition_active.rs	825
26	port	packages/engine/test/config.test.ts	crates/engine/tests/rules/config.rs	54
26	port	packages/engine/test/control-change.property.test.ts	crates/engine/tests/rules/control_change_property.rs	309
26	port	packages/engine/test/control-change.test.ts	crates/engine/tests/rules/control_change.rs	477
26	port	packages/engine/test/damage-pipeline.test.ts	crates/engine/tests/rules/damage_pipeline.rs	180
26	port	packages/engine/test/damage.test.ts	crates/engine/tests/rules/damage.rs	476
26	port	packages/engine/test/destroyed-face.test.ts	crates/engine/tests/rules/destroyed_face.rs	32
26	port	packages/engine/test/endgame.test.ts	crates/engine/tests/rules/endgame.rs	177
26	port	packages/engine/test/faces.test.ts	crates/engine/tests/rules/faces.rs	145
26	port	packages/engine/test/game-summary.test.ts	crates/engine/tests/rules/game_summary.rs	277
26	port	packages/engine/test/generation-replay.test.ts	crates/engine/tests/rules/generation_replay.rs	122
26	port	packages/engine/test/glow-facts.test.ts	crates/engine/tests/rules/glow_facts.rs	218
26	port	packages/engine/test/handicap.test.ts	crates/engine/tests/rules/handicap.rs	1303
26	port	packages/engine/test/hotseat.smoke.test.ts	crates/engine/tests/rules/hotseat_smoke.rs	32
26	port	packages/engine/test/instance-data.test.ts	crates/engine/tests/rules/instance_data.rs	262
26	port	packages/engine/test/kill-credit.test.ts	crates/engine/tests/rules/kill_credit.rs	111
26	port	packages/engine/test/layers.test.ts	crates/engine/tests/rules/layers.rs	682
26	port	packages/engine/test/lethal.test.ts	crates/engine/tests/rules/lethal.rs	206
26	port	packages/engine/test/library-copies.test.ts	crates/engine/tests/rules/library_copies.rs	119
26	port	packages/engine/test/mulligan-concurrent.test.ts	crates/engine/tests/rules/mulligan_concurrent.rs	339
26	port	packages/engine/test/ownLibrary.test.ts	crates/engine/tests/rules/own_library.rs	253
26	port	packages/engine/test/params.test.ts	crates/engine/tests/rules/params.rs	190
26	port	packages/engine/test/pools.test.ts	crates/engine/tests/rules/pools.rs	172
26	port	packages/engine/test/preview-ids.test.ts	crates/engine/tests/rules/preview_ids.rs	97
26	port	packages/engine/test/preview.test.ts	crates/engine/tests/rules/preview.rs	616
26	port	packages/engine/test/query.test.ts	crates/engine/tests/rules/query.rs	372
26	port	packages/engine/test/recruit-variants.test.ts	crates/engine/tests/rules/recruit_variants.rs	232
26	port	packages/engine/test/reduce.test.ts	crates/engine/tests/rules/reduce.rs	185
26	port	packages/engine/test/replacements.test.ts	crates/engine/tests/rules/replacements.rs	685
26	port	packages/engine/test/replay-scripted.test.ts	crates/engine/tests/rules/replay_scripted.rs	414
26	port	packages/engine/test/replay.test.ts	crates/engine/tests/rules/replay.rs	33
26	port	packages/engine/test/restrictions.test.ts	crates/engine/tests/rules/restrictions.rs	262
26	port	packages/engine/test/rng.test.ts	crates/engine/tests/rules/rng.rs	98
26	port	packages/engine/test/rotation.test.ts	crates/engine/tests/rules/rotation.rs	366
26	port	packages/engine/test/rounds.test.ts	crates/engine/tests/rules/rounds.rs	143
26	port	packages/engine/test/self-tribute.test.ts	crates/engine/tests/rules/self_tribute.rs	132
26	port	packages/engine/test/setup-aside.test.ts	crates/engine/tests/rules/setup_aside.rs	524
26	port	packages/engine/test/setup.test.ts	crates/engine/tests/rules/setup.rs	237
26	port	packages/engine/test/shuffle-random.test.ts	crates/engine/tests/rules/shuffle_random.rs	98
26	port	packages/engine/test/state.test.ts	crates/engine/tests/rules/state.rs	77
26	port	packages/engine/test/targeting.test.ts	crates/engine/tests/rules/targeting.rs	465
26	port	packages/engine/test/temporary.test.ts	crates/engine/tests/rules/temporary.rs	107
26	port	packages/engine/test/transform-variants.test.ts	crates/engine/tests/rules/transform_variants.rs	194
26	port	packages/engine/test/tribute-zones.test.ts	crates/engine/tests/rules/tribute_zones.rs	199
26	port	packages/engine/test/tribute.test.ts	crates/engine/tests/rules/tribute.rs	569
26	port	packages/engine/test/turn-cap.test.ts	crates/engine/tests/rules/turn_cap.rs	65
26	port	packages/engine/test/turn-wiring.test.ts	crates/engine/tests/rules/turn_wiring.rs	359
26	port	packages/engine/test/turn.test.ts	crates/engine/tests/rules/turn.rs	514
26	port	packages/engine/test/view-marks.test.ts	crates/engine/tests/rules/view_marks.rs	173
26	port	packages/engine/test/viewFor.test.ts	crates/engine/tests/rules/view_for.rs	818
26	port	packages/engine/test/windfury.test.ts	crates/engine/tests/rules/windfury.rs	151
26	port	packages/engine/test/zones.test.ts	crates/engine/tests/rules/zones.rs	232
27	port	packages/cards/test/after-resolution.test.ts	crates/cards/tests/cross/after_resolution.rs	420
27	port	packages/cards/test/combat-windows.test.ts	crates/cards/tests/cross/combat_windows.rs	852
27	port	packages/cards/test/condition-active.test.ts	crates/cards/tests/cross/condition_active.rs	959
27	port	packages/cards/test/control-change-carry.test.ts	crates/cards/tests/cross/control_change_carry.rs	104
27	port	packages/cards/test/control-change.test.ts	crates/cards/tests/cross/control_change.rs	599
27	port	packages/cards/test/costs-and-mana.test.ts	crates/cards/tests/cross/costs_and_mana.rs	225
27	port	packages/cards/test/deaths-and-reborn.test.ts	crates/cards/tests/cross/deaths_and_reborn.rs	482
27	port	packages/cards/test/echo-and-exile.test.ts	crates/cards/tests/cross/echo_and_exile.rs	230
27	port	packages/cards/test/forced-attacks.test.ts	crates/cards/tests/cross/forced_attacks.rs	141
27	port	packages/cards/test/fuse-registry.test.ts	crates/cards/tests/cross/fuse_registry.rs	74
27	port	packages/cards/test/fused-hooks.test.ts	crates/cards/tests/cross/fused_hooks.rs	637
27	port	packages/cards/test/fused-nested-resume.test.ts	crates/cards/tests/cross/fused_nested_resume.rs	53
27	port	packages/cards/test/fused-target-checks.test.ts	crates/cards/tests/cross/fused_target_checks.rs	59
27	port	packages/cards/test/game-over.test.ts	crates/cards/tests/cross/game_over.rs	122
27	port	packages/cards/test/hand-returns.test.ts	crates/cards/tests/cross/hand_returns.rs	321
27	port	packages/cards/test/hidden-information.test.ts	crates/cards/tests/cross/hidden_information.rs	1474
27	port	packages/cards/test/lasting-effects.test.ts	crates/cards/tests/cross/lasting_effects.rs	222
27	port	packages/cards/test/my-pawn.test.ts	crates/cards/tests/cross/my_pawn.rs	387
27	port	packages/cards/test/paused-sequences.test.ts	crates/cards/tests/cross/paused_sequences.rs	2175
27	port	packages/cards/test/play-choices.test.ts	crates/cards/tests/cross/play_choices.rs	363
27	port	packages/cards/test/plays-and-casts.test.ts	crates/cards/tests/cross/plays_and_casts.rs	342
27	port	packages/cards/test/preview.test.ts	crates/cards/tests/cross/preview.rs	1383
27	port	packages/cards/test/re-entry.test.ts	crates/cards/tests/cross/re_entry.rs	964
27	port	packages/cards/test/resolving-face.test.ts	crates/cards/tests/cross/resolving_face.rs	286
27	port	packages/cards/test/self-generation.test.ts	crates/cards/tests/cross/self_generation.rs	162
27	port	packages/cards/test/setup-and-mulligan.test.ts	crates/cards/tests/cross/setup_and_mulligan.rs	540
27	port	packages/cards/test/stacks-and-reborn.test.ts	crates/cards/tests/cross/stacks_and_reborn.rs	369
27	port	packages/cards/test/tributes.test.ts	crates/cards/tests/cross/tributes.rs	371
27	port	packages/cards/test/trigger-stays.test.ts	crates/cards/tests/cross/trigger_stays.rs	606
27	port	packages/cards/test/turn-clock-and-legality.test.ts	crates/cards/tests/cross/turn_clock_and_legality.rs	481
27	port	packages/cards/test/turn-stages.test.ts	crates/cards/tests/cross/turn_stages.rs	689
27	port	packages/cards/test/vanilla-and-positions.test.ts	crates/cards/tests/cross/vanilla_and_positions.rs	266
27	port	packages/engine/test/announce.test.ts	crates/engine/tests/rules/announce.rs	488
27	port	packages/engine/test/cost-rules.test.ts	crates/engine/tests/rules/cost_rules.rs	322
27	port	packages/engine/test/counterWarning.test.ts	crates/engine/tests/rules/counter_warning.rs	140
27	port	packages/engine/test/draw-complete.test.ts	crates/engine/tests/rules/draw_complete.rs	180
27	port	packages/engine/test/draw-limit.test.ts	crates/engine/tests/rules/draw_limit.rs	322
27	port	packages/engine/test/draw-pause.test.ts	crates/engine/tests/rules/draw_pause.rs	421
27	port	packages/engine/test/draw.test.ts	crates/engine/tests/rules/draw.rs	195
27	port	packages/engine/test/echo.test.ts	crates/engine/tests/rules/echo.rs	411
27	port	packages/engine/test/graveyard-play.test.ts	crates/engine/tests/rules/graveyard_play.rs	338
27	port	packages/engine/test/mana-before-play.test.ts	crates/engine/tests/rules/mana_before_play.rs	95
27	port	packages/engine/test/mana.test.ts	crates/engine/tests/rules/mana.rs	183
27	port	packages/engine/test/overflow-events.test.ts	crates/engine/tests/rules/overflow_events.rs	297
27	port	packages/engine/test/play-pipeline-b-replay.test.ts	crates/engine/tests/rules/play_pipeline_b_replay.rs	141
27	port	packages/engine/test/play-step3.test.ts	crates/engine/tests/rules/play_step3.rs	240
27	port	packages/engine/test/playChoices-filters.test.ts	crates/engine/tests/rules/play_choices_filters.rs	703
27	port	packages/engine/test/playChoices.test.ts	crates/engine/tests/rules/play_choices.rs	464
27	port	packages/engine/test/playCounts.test.ts	crates/engine/tests/rules/play_counts.rs	177
28	split	packages/engine/test/rulings.test.ts	crates/engine/tests/rules/rulings_config.rs	4565
29	port	packages/ai/scripts/duel.ts	crates/tools/src/arena.rs	129
37	delete	apps/server/README.md		496
37	delete	apps/server/package.json		37
37	delete	apps/server/test/validator-single-source.test.ts		245
37	delete	apps/server/tsconfig.json		18
37	delete	apps/server/vitest.config.ts		8
37	delete	ladder/DECISIONS.md		18
37	delete	ladder/README.md		132
37	delete	ladder/agents/__init__.py		0
37	delete	ladder/agents/random/__init__.py		0
37	delete	ladder/agents/random/agent.py		33
37	delete	ladder/arena/__init__.py		0
37	delete	ladder/arena/bridge.py		83
37	delete	ladder/arena/runner.py		187
37	delete	ladder/arena/types.py		24
37	delete	ladder/audit/__init__.py		0
37	delete	ladder/audit/gates.py		63
37	delete	ladder/audit/shadowban.py		124
37	delete	ladder/champions/1/.gitkeep		0
37	delete	ladder/champions/2/.gitkeep		0
37	delete	ladder/common.py		18
37	delete	ladder/config.yaml		16
37	delete	ladder/hall_of_fame/.gitkeep		0
37	delete	ladder/history/.gitkeep		0
37	delete	ladder/llm/__init__.py		0
37	delete	ladder/llm/client.py		74
37	delete	ladder/llm/providers/__init__.py		0
37	delete	ladder/llm/providers/anthropic.py		21
37	delete	ladder/llm/providers/base.py		49
37	delete	ladder/llm/providers/google.py		44
37	delete	ladder/llm/providers/mock.py		44
37	delete	ladder/llm/providers/openai.py		25
37	delete	ladder/prompts/proposer.md		52
37	delete	ladder/proposals/.gitkeep		0
37	delete	ladder/proposer/__init__.py		0
37	delete	ladder/proposer/propose.py		220
37	delete	ladder/pyproject.toml		16
37	delete	ladder/schemas/spec.schema.json		68
37	delete	ladder/tests/__init__.py		0
37	delete	ladder/tests/test_arena.py		117
37	delete	ladder/tests/test_gates.py		72
37	delete	ladder/tests/test_llm.py		68
37	delete	ladder/tests/test_proposer.py		105
37	delete	ladder/tests/test_shadowban.py		102
37	delete	packages/ai/README.md		253
37	delete	packages/ai/package.json		20
37	delete	packages/ai/scripts/arena-bridge.ts		153
37	delete	packages/ai/scripts/bench.ts		124
37	delete	packages/ai/scripts/oracle.ts		72
37	delete	packages/ai/test/_shard.ts		62
37	delete	packages/ai/test/arena-bridge.test.ts		98
37	delete	packages/ai/test/setup.ts		7
37	delete	packages/ai/tsconfig.json		9
37	delete	packages/ai/vitest.config.ts		13
37	delete	packages/cards/README.md		611
37	delete	packages/cards/package.json		21
37	delete	packages/cards/scripts/gen-loc.ts		155
37	delete	packages/cards/scripts/gen-registry.ts		203
37	delete	packages/cards/scripts/missing-tests.ts		265
37	delete	packages/cards/src/scripts/_generated.ts		654
37	delete	packages/cards/test/globalSetup.ts		36
37	delete	packages/cards/test/loc.test.ts		64
37	delete	packages/cards/tsconfig.json		8
37	delete	packages/cards/vitest.config.ts		11
37	delete	packages/engine/package.json		14
37	delete	packages/engine/scripts/rulings-coverage.ts		140
37	delete	packages/engine/test/fixtures/lint/date-now.ts		2
37	delete	packages/engine/test/fixtures/lint/math-random.ts		2
37	delete	packages/engine/test/fixtures/lint/new-date.ts		2
37	delete	packages/engine/test/lint-ban.test.ts		76
37	delete	packages/engine/tsconfig.json		4
37	delete	packages/engine/vitest.config.ts		8
37	delete	packages/shared/package.json		9
37	delete	packages/shared/test/events.test.ts		78
37	delete	packages/shared/vitest.config.ts		8
37	delete	packages/validator/package.json		13
37	delete	packages/validator/src/config.ts		14
37	delete	packages/validator/tsconfig.json		4
37	delete	packages/validator/vitest.config.ts		8
37	delete	scripts/catalog-version.mjs		35
